ticker,ipo_date,return_7d,return_14d,return_30d,label,risk_factors
SDHC,2024-01-11,0.8333365122477213,5.333336194356283,20.12499968210856,HIT,"” beginning on page 25 to read about factors you should consider before buying shares of our Class A common stock. Neither the Securities and Exchange Commission nor any other regulatory body has approved or disapproved of these securities or passed upon the accuracy or adequacy of this prospectus. Any representation to the contrary is a criminal offense. ​ ​ Per Share ​ ​ Total Initial public offering price ​ ​ $ ​ ​ $ Underwriting discount (1) ​ ​ $ ​ ​ $ Proceeds, before expenses, to Smith Douglas Homes Corp. ​ ​ $ ​ ​ $ (1) We have agreed to reimburse the underwriters for certain expenses in connection with this offering. See “Underwriting (conflicts of interest).” The underwriters have the option to purchase up to an additional shares of Class A common stock from us at the initial price to public less the underwriting discount within 30 days of the date of this prospectus. The underwriters expect to deliver the shares of Class A common stock against payment in New York, New York on , 2023. Book-Running Managers J.P. Morgan ​ ​ BofA Securities ​ ​ RBC Capital Markets ​ ​ Wells Fargo Securities Wolfe | Nomura Alliance Co-Managers Wedbush Securities ​ ​ Fifth Third Securities ​ ​ Regions Securities LLC ​ ​ Whelan Advisory Capital Markets Prospectus dated , 2023 TABLE OF CONTENTS TABLE OF CONTENTS TABLE OF CONTENTS TABLE OF CONTENTS TABLE OF CONTENTS TABLE OF CONTENTS Table of contents Basis of presentation ​ ​ ii Prospectus summary ​ ​ 1 Risk factors ​ ​ 25 Cautionary note regarding forward-looking statements ​ ​ 62 Our organizational structure ​ ​ 64"
CGON,2024-01-25,0.6725854514807841,16.814636287019603,-4.465966987318825,HIT,"” beginning on page 14. Per Share Total Initial public offering price $ $ Underwriting discounts and commissions (1) $ $ Proceeds, before expenses, to us $ $ (1) See the section titled “Underwriting” for additional disclosure regarding the estimated underwriting discounts and commissions and estimated offering expenses. We have granted the underwriters an option for a period of 30 days to purchase up to an additional shares of our common stock solely to cover over-allotments, if any. The underwriters expect to deliver the shares of common stock to purchasers on , 2024. Neither the Securities and Exchange Commission nor any other regulatory body has approved or disapproved of these securities or passed upon the accuracy or adequacy of this prospectus. Any representation to the contrary is a criminal offense. Morgan Stanley Goldman Sachs & Co. LLC Cantor LifeSci Capital The date of this prospectus is , 2024 Table of Contents TABLE OF CONTENTS Page Prospectus Summary 1 Risk Factors 14 Special Note Regarding Forward-Looking Statements 75 Market and Industry Data 76"
AVBP,2024-01-26,10.0,10.349998474121094,-3.350000381469727,HIT,"” beginning on page 13 to read about factors you should consider before buying shares of our common stock. ​ Neither the Securities and Exchange Commission nor any other regulatory body has approved or disapproved of these securities or passed upon the accuracy or adequacy of this prospectus. Any representation to the contrary is a criminal offense. ​ ​ ​ ​ Per Share ​ ​ Total ​ Initial public offering price ​ ​ ​ $ ​ ​ ​ ​ $ ​ ​ Underwriting discounts and commissions (1) ​ ​ ​ $ ​ ​ ​ ​ $ ​ ​ Proceeds, before expenses, to ArriVent BioPharma, Inc. ​ ​ ​ $ ​ ​ ​ ​ $ ​ ​ ​ ​ (1) See the section titled “Underwriting” for additional information regarding compensation payable to the underwriters. ​ To the extent that the underwriters sell more than shares of common stock, the underwriters have the option to purchase up to an additional shares from us at the initial price to public less the underwriting discounts and commissions. The underwriters expect to deliver the shares against payment in New York, New York on , 2024. Goldman Sachs & Co. LLC Jefferies Citigroup LifeSci Capital ​ Prospectus dated , 2024. TABLE OF CONTENTS ​ TABLE OF CONTENTS ​ PROSPECTUS SUMMARY ​ ​ ​ ​ 1 ​ ​ ​ RISK FACTORS ​ ​ ​ ​ 13 ​ ​ ​ SPECIAL NOTE REGARDING FORWARD-LOOKING STATEMENTS ​ ​ ​ ​ 87 ​ ​ ​ MARKET AND INDUSTRY DATA ​ ​ ​ ​ 89 ​ ​ ​"
BTSG,2024-01-26,2.999999306418679,-3.090910478071733,-16.000002080743965,MISS,"—Risks Related to the Units, the Separate Purchase Contracts, the Separate Amortizing Notes and Our Common Stock” section, which will be added to the “Risk Factors” section of the Tangible Equity Units Prospectus; • pages for the “Description of the Units,” “Description of the Purchase Contracts” and “Description of the Amortizing Notes” sections, which will replace the “Tangible Equity Units Offering” section of the Common Stock Prospectus; • pages for the “Certain United States Federal Income Tax Consequences” section, which will replace the “Certain U.S. Federal Income Tax Consequences to Non-U.S. Holders” section of the Common Stock Prospectus; • pages for the “Certain ERISA Considerations” and “Book-Entry Procedures and Settlement” sections, which will be added to the Tangible Equity Units Prospectus; and • pages for the “Underwriting (Conflicts of Interest)” section, which will replace the “Underwriting (Conflicts of Interest)” section of the Common Stock Prospectus. The following disclosures and references contained within the Common Stock Prospectus will be replaced or removed in the Tangible Equity Units Prospectus: • references to “shares of our common stock” contained in the first three paragraphs under “Table of Contents” and the first paragraph under “Risk Factors” will be replaced with references to “the Units” in the Tangible Equity Units Prospectus; • references to “our common stock” contained in the first paragraph under “Summary,” the first paragraph of “Summary—Summary of Risk Factors” and the first paragraph under “Risk Factors” will be replaced with references to “the Units” in the Tangible Equity Units Prospectus; • the disclosure under “Summary—Concurrent Offering” will be replaced in its entirety with “Concurrently with this offering, we are offering, by means of a separate prospectus, shares of our common stock (or up to shares of our common stock if the underwriters in the Concurrent Offering exercise in full their option to purchase additional shares of our common stock). We estimate that the net proceeds to us from the sale of shares of our common stock in the Concurrent Offering will be approximately $ million (or approximately $ million if the underwriters exercise in full their option to purchase additional shares of our common stock), assuming an initial public offering price of $ per share (which is the midpoint of the price range set forth on the cover page of the prospectus relating to the Concurrent Offering), in each case after deducting estimated underwriting discounts and commissions and estimated offering expenses payable by us. The closing of this offering is conditioned upon the closing of the Concurrent Offering, but the closing of the Concurrent Offering is not conditioned upon the closing of this offering, and there can be no assurance that the Concurrent Offering will be completed on the terms described in the prospectus relating to the Concurrent Offering or at all.” in the Tangible Equity Units Prospectus; Table of Contents • references to “this offering” contained in “Summary Historical Consolidated Financial and Other Data,” “Risk Factors,” “"
FBLG,2024-01-31,-76.32302353062582,-57.388316151202744,-63.57388316151202,MISS,"” in this prospectus. These risks include, but are not limited to, the following: ● The successful development of biopharmaceutical products is highly uncertain. ● We have a limited operating history and none of our current product candidates have been approved for commercial sale. ● We have incurred significant net losses since inception, expect to continue to incur significant net losses for the foreseeable future and may never achieve or maintain profitability. ● We will require substantial additional capital to finance our operations. If we are unable to raise such capital when needed, or on acceptable terms, we may be forced to delay, reduce and/or eliminate one or more of our research and drug development programs or future commercialization efforts. ● The regulatory approval processes of the FDA, the European Medicines Agency, or the EMA, and other comparable foreign regulatory authorities are lengthy, time consuming and inherently unpredictable. ● We may encounter substantial delays in completing, or ultimately be unable to complete, the development and commercialization of our product candidates. ● The outcome of preclinical studies or early clinical trials may not be predictive of the success of later clinical trials, and the results of our clinical trials may not satisfy the requirements of the FDA, the EMA or other comparable foreign regulatory authorities. ● Interim, topline and preliminary data from our clinical trials that we announce or publish from time to time may change as more patient data become available and are subject to audit and verification procedures that could result in material changes in the final data. ● Our current or future product candidates may cause adverse events, toxicities or other undesirable side effects when used alone or in combination with other approved products or investigational new drugs that may result in a safety profile that could inhibit regulatory approval, prevent market acceptance, limit their commercial potential or result in significant negative consequences. ● Even if approved, our product candidates may not achieve adequate market acceptance. ● Our refrigerated product candidates require specific storage, handling and administration at the clinical sites. ● We intend to identify and develop novel cell therapy product candidates, which makes it difficult to predict the time, cost and potential success of product candidate development. 5 ● Because cell therapy is novel and the regulatory landscape that governs any cell therapy product candidates we may develop is rigorous, complex, uncertain and subject to change, we cannot predict the time and cost of obtaining regulatory approval, if we receive it at all, for any product candidates we may develop. ● We may be unable to obtain U.S. or foreign regulatory approvals and, as a result, may be unable to commercialize our product candidates. ● Any product candidates for which we intend to seek approval as biologic products may face competition sooner than anticipated. ● We have limited experience in designing clinical trials. ● Our long-term prospects depend in part upon discovering, developing and commercializing additional product candidates, which may fail in development or suffer delays that adversely affect their commercial viability. ● We have never commercialized a fibroblast cell-based therapy product candidate before and may lack the necessary expertise, personnel and resources to successfully commercialize any product candidates on our own or together with suitable collaborators. ● We face significant competition. ● If we are unable to establish sales or marketing capabilities or enter into agreements with third parties to sell or market our product candidates, we may not be able to successfully sell or market our product candidates that obtain regulatory approval. ● In order to successfully implement our plans and strategies, we will need to grow the size of our organization, and we may experience difficulties in managing this growth. ● We are subject to risks related to our dependence on third parties (i) to conduct certain aspects of our preclinical studies and clinical trials and (ii) for certain portions of our manufacturing process. ● We are highly dependent on our Houston, Texas facility and any failure to maintain the use of this facility would have a material and adverse effect on our"
ANRO,2024-02-02,-31.15942282711074,-33.71980791617839,-31.59420615692116,MISS,"” beginning on page 16 of this prospectus to read about factors you should consider before buying shares of our common stock. Neither the Securities and Exchange Commission nor any other regulatory body have approved or disapproved these securities, or passed upon the accuracy or adequacy of this prospectus. Any representation to the contrary is a criminal offense. PER SHARE TOTAL Initial Public Offering Price $ $ Underwriting Discounts and Commissions (1) $ $ Proceeds, Before Expenses, to Alto Neuroscience, Inc. $ $ (1) See the section titled “Underwriting” for additional information regarding underwriting compensation. Delivery of the shares of common stock is expected to be made on or about , 2024. We have granted the underwriters an option for a period of 30 days from the date of this prospectus to purchase up to an additional shares of common stock. If the underwriters exercise the option in full, the total underwriting discounts and commissions payable by us will be $ and the total proceeds to us, before expenses, will be $ . Jefferies TD Cowen Stifel William Blair Baird Prospectus dated , 2024 Table of Contents TABLE OF CONTENTS Prospectus Summary 1 The Offering 12 Summary Consolidated Financial Information 14 Risk Factors 16 Special Note Regarding Forward-Looking Statements 92 Market and Industry Data 94"
GUTS,2024-02-02,-41.16731736692088,-35.175099794407124,-51.36186914816921,MISS,"” beginning on page 18 of this prospectus. Per Share Total Public offering price $ $ Underwriting discounts and commissions (1) $ $ Proceeds, before expenses, to us $ $ (1) We refer you to “Underwriting” beginning on page 237 for additional information regarding underwriting compensation. The underwriters may also exercise their option to purchase up to an additional shares from us, at the public offering price, less the underwriting discount, for 30 days after the date of this prospectus. Neither the Securities and Exchange Commission nor any state securities commission has approved or disapproved of these securities or determined if this prospectus is truthful or complete. Any representation to the contrary is a criminal offense. The shares will be ready for delivery on or about , 2024. BofA Securities Morgan Stanley Evercore ISI The date of this prospectus is , 2024 Table of Contents Index to Financial Statements TABLE OF CONTENTS Page PROSPECTUS SUMMARY 1 RISK FACTORS 18 CAUTIONARY NOTE REGARDING FORWARD-LOOKING STATEMENTS 91"
KYTX,2024-02-08,-8.471764491999876,-7.807310138495688,-22.790699413328717,MISS,"” beginning on page 16 to read about factors you should consider before buying shares of our common stock. Neither the Securities and Exchange Commission nor any other regulatory body has approved or disapproved of these securities or passed upon the accuracy or adequacy of this prospectus. Any representation to the contrary is a criminal offense. Per Share Total Initial public offering price $ $ Underwriting discounts and commissions (1) $ $ Proceeds, before expenses, to Kyverna Therapeutics, Inc. $ $ (1) See the section of this prospectus titled “Underwriting” for a description of the compensation payable to the underwriters. Certain of our stockholders and their affiliates, some of which are affiliated with our directors, have indicated an interest in purchasing shares of common stock in this offering with an aggregate value of approximately $ million at the initial public offering price. However, because indications of interest are not binding agreements or commitments to purchase, the underwriters may determine to sell more, fewer or no shares in this offering to any of these parties, or any of these parties may determine to purchase more, fewer or no shares in this offering. The underwriters will receive the same underwriting discount on any shares purchased by these parties as they will on any other shares sold to the public in this offering. We have granted the underwriters an option to purchase up to additional shares from us at the initial public offering price less underwriting discounts and commissions. The underwriters expect to deliver the shares against payment to purchasers on or about , 2024. J.P. Morgan Morgan Stanley Leerink Partners Wells Fargo Securities Prospectus dated , 2024. Table of Contents TABLE OF CONTENTS Page Prospectus Summary 1 Risk Factors 16 Special Note Regarding Forward-Looking Statements 86 Market, Industry and Other Data 88"
PMNT,2024-02-08,4.423077452112252,-13.076920255401328,-28.076920255401326,MISS,"” in this prospectus. Among other items, certain of the market research included in this prospectus was published prior to the COVID-19 pandemic and did not anticipate the virus or the impact it has caused on our industry. We have utilized this pre-pandemic market research in the absence of updated sources. These and other factors could cause results to differ materially from those expressed in the projections and estimates made by the independent third parties and us. References in this prospectus to “Generation Y” refer to those born between 1981 and 1996 (ages 27 to 42 in 2023), references to “Generation Z” refer to those born between 1997 and 2012 (ages 11 to 26 in 2023) and references to “Generation Alpha” refer to those born from 2013 onward. iii SPECIAL NOTE REGARDING FORWARD-LOOKING STATEMENTS This prospectus contains “forward-looking statements.” Forward-looking statements reflect the current view about future events. When used in this prospectus, the words “anticipate,” “believe,” “estimate,” “expect,” “future,” “intend,” “plan,” or the negative of these terms and similar expressions, as they relate to us or our"
MGX,2024-02-09,9.60232522623864,16.391847833175266,8.147421578328155,HIT,"Investment in our common stock involves substantial risks. You should read this prospectus carefully, including the section entitled “Risk Factors” and the consolidated financial statements and the related notes to those statements included in this prospectus, before investing in our common stock. The number of shares of our common stock outstanding after this offering assumes the Reorganization takes place prior to the effectiveness of this registration statement and is based on shares of our common stock (including shares of unvested restricted common stock) issued in exchange for common units and profits interests outstanding as of September 30, 2023, and after giving effect to the conversion of shares of our redeemable convertible preferred stock, issued in connection with the Reorganization in exchange for redeemable convertible preferred units outstanding as of September 30, 2023, into an equivalent number of shares of our common stock immediately prior to the completion of this offering: The number of shares of common stock to be outstanding after this offering excludes: • shares of common stock reserved for future issuance under our 2024 Stock Option and Incentive Plan, which will become effective on the date immediately prior to execution of the underwriting agreement related to this offering; and 12 Table of Contents • shares of common stock reserved for future issuance under our 2024 Employee Stock Purchase Plan, which will become effective immediately prior to execution of the underwriting agreement related to this offering. Except as otherwise noted, all information in this prospectus: • assumes no vesting of the restricted common stock described above; • assumes no exercise of the underwriters’ option to purchase up to additional shares of common stock in this offering; • assumes the filing of our amended and restated certificate of incorporation and the effectiveness of our amended and restated bylaws, which will occur upon the closing of this offering; and • assumes a -for- reverse stock split of our common stock effected on , 2024. 13 Table of Contents SUMMARY CONSOLIDATED FINANCIAL DATA The following tables present the summary consolidated financial data for Metagenomi Technologies, LLC and its consolidated subsidiary. You should read the following summary consolidated financial data together with our consolidated financial statements and the related notes appearing elsewhere in this prospectus and the “"
TELO,2024-02-09,73.19999694824219,81.00000381469727,11.000003814697266,HIT,"” beginning on page 11 to read about factors you should consider before buying shares of our common stock. Neither the Securities and Exchange Commission nor any state securities commission or other regulatory body has approved or disapproved of these securities or passed upon the adequacy or accuracy of this prospectus. Any representation to the contrary is a criminal offense. Per Share Total Initial public offering price $ $ Underwriting discounts and commissions (1) $ $ Proceeds, before expenses, to us $ $ (1) See “Underwriting” for a description of the compensation payable to the underwriters. The underwriters have the option for a period of 45 days from the date of this prospectus to purchase up to [●] additional shares of our common stock from us at the initial public offering price, less underwriting discounts and commissions. If the underwriters exercise the option in full, the total underwriting discounts and commissions payable by us will be $[●], and the total proceeds, before expenses, to us will be $[●]. The underwriters expect to deliver the shares to investors on or about , 2023. Kingswood Investments division of Kingswood Capital Partners, LLC The date of this prospectus is , 2023 TABLE OF CONTENTS Page INDUSTRY AND MARKET DATA ii TRADEMARKS AND COPYRIGHTS ii CAUTIONARY NOTE REGARDING FORWARD-LOOKING STATEMENTS ii GLOSSARY OF CERTAIN SCIENTIFIC TERMS iv PROSPECTUS SUMMARY 1 RISK FACTORS 11"
UMAC,2024-02-14,-4.455445271880197,-13.861388787449519,-42.24422387709373,MISS,"” beginning on page 8. Neither the Securities and Exchange Commission nor any state securities commission has approved or disapproved of these securities or determined if this Prospectus is truthful or complete. Any representation to the contrary is a criminal offense. Per Share Total Initial public offering price $ $ Underwriting discounts and commissions (1) $ $ Proceeds to us, before expenses (2) $ $ ______________ (1) We have agreed to pay __________ (“_________”), as a lead underwriter named in this prospectus, a discount equal to 7.5% of the gross proceeds of the offering. We refer you to “Underwriting” beginning on page 76 for additional information regarding underwriters’ compensation. (2) Represents a non-accountable expense allowance equal to 1.0% of the gross proceeds of this Offering, payable to the _________. The underwriters are selling ________ shares of common stock (or _____ shares of common stock if the underwriters exercise their over-allotment option in full) in this Offering on a firm commitment basis. We have granted the underwriters an option, exercisable for 45 days following the effective date of this Prospectus, to purchase up to an additional ___ % of the shares of common stock offered in this Offering on the same terms solely to cover over-allotments. The Registration Statement of which this Prospectus is a part also covers the shares of common stock issuable upon the exercise of the underwriter’s over-allotment option. For additional information regarding our arrangement with the underwriters, please see “ Underwriting ” beginning on page 76. The underwriters expect to deliver the shares to purchasers on or about ________ __, 2023. Sole Book Running Manager ____________ Co-Manager _____________________ The date of this Prospectus is ________, 2023. TABLE OF CONTENTS Page Cautionary Statement Regarding Forward-Looking Statements 1 Prospectus Summary 2 Risk Factors 8"
SMXT,2024-02-27,-8.875000476837158,-2.875000238418579,48.500001430511475,HIT,"” and “Prospectus Summary - Emerging Growth Company Status.” Investing in our common stock involves a high degree of risk. See “Risk Factors” beginning on page 10 of this prospectus for a discussion of information that should be considered in connection with an investment in our common stock. Neither the Securities and Exchange Commission nor any state securities commission has approved or disapproved of these securities or determined if this prospectus is truthful or complete. Any representation to the contrary is a criminal offense. Per Share Total Initial public offering price $ $ Underwriting discounts and commissions (1) $ $ Proceeds to us, before expenses $ $ ________ (1) In addition, we have agreed to provide the underwriters additional compensation and reimburse the underwriters for certain expenses. See “Underwriting” on page 101 of this prospectus for additional information. The underwriters expect to deliver the shares of common stock to purchasers in the offering against payment on Xxx x, 2019. The date of this prospectus is Xxx x, 2019. ViewTrade Securities, Inc. TABLE OF CONTENTS Page Prospectus Summary 4 The Offering 10 Selected Consolidated Financial Data 11 Risk Factors 12 Cautionary Note Concerning Forward-Looking Statements 37"
ALAB,2024-03-20,14.654206264983896,14.960501308915333,27.454456092913553,HIT,"” immediately following this prospectus summary. These risks include, but are not limited to, the following: • We may not sustain our growth rate, and we may not be able to manage future growth effectively; • We have a history of generating net losses, and if we are unable to achieve adequate revenue growth while our expenses increase, we may not maintain profitability in the future; • We have a limited operating history, and we may have difficulty accurately predicting our future revenue for the purpose of appropriately budgeting and adjusting our expenses; • We may be unsuccessful in anticipating and responding to new market trends and evolving industry standards, developing and selling new products, or penetrating new markets; • A substantial portion of our revenue is driven by a limited number of our end customers, and the loss of, or a significant reduction in, demand from one or a few of our top end customers would adversely affect our operations and financial condition; • If we fail to achieve design wins for our products, we may lose the opportunity for sales to customers for a significant period of time and be unable to recoup our investments in our products; • Pricing for the current generation of our existing products often decreases over time, which could negatively impact our revenue and gross margins; 8 Table of Contents • We generally do not maintain long-term supply contracts with our third-party manufacturing partners, and any disruption in our supply of products could have a material adverse effect on our"
RDDT,2024-03-21,0.019829771020597173,-11.716891372559726,-7.533702102538068,MISS,"” beginning on page 22 to read about factors you should consider before deciding to invest in our Class A common stock. PRICE $ A SHARE Price to Public Underwriting Discounts and Commissions (1) Proceeds to Reddit (2) Proceeds to Selling Stockholders (2) Per Share $ $ $ $ Total $ $ $ $ ________________ (1) See “Underwriters” for a description of the compensation payable to the underwriters. (2) Before expenses. At our request, the underwriters have reserved up to shares of our Class A common stock, or % of the shares offered in this offering, for sale at the initial public offering price through a directed share program to (i) eligible users and moderators on our platform, (ii) certain members of our board of directors, and (iii) friends and family members of certain of our employees and directors. See “Underwriters—Directed Share Program.” We have granted the underwriters the right to purchase up to an additional shares of our Class A common stock from us to cover over-allotments, if any, at the initial public offering price less the underwriting discount. The Securities and Exchange Commission and state securities regulators have not approved or disapproved these securities or determined if this prospectus is truthful or complete. Any representation to the contrary is a criminal offense. The underwriters expect to deliver the shares against payment on , 2024 . MORGAN STANLEY GOLDMAN SACHS & CO. LLC* J.P. MORGAN* BOFA SECURITIES CITIGROUP DEUTSCHE BANK SECURITIES MUFG CITIZENS JMP NEEDHAM & COMPANY PIPER SANDLER RAYMOND JAMES ACADEMY SECURITIES LOOP CAPITAL MARKETS RAMIREZ & CO., INC. ROTH CAPITAL PARTNERS TELSEY ADVISORY GROUP ________________ * In alphabetical order Prospectus dated , 2024 Table of Contents TABLE OF CONTENTS Page Letter From Our Co-Founder i Prospectus Summary 1 Risk Factors 22 Special Note Regarding Forward-Looking Statements 77 Market and Industry Data 81"
IBAC,2024-03-26,0.10020269880288066,0.20040539760576132,,MISS,".” Securities offered 10,000,000 units, at $10.00 per unit, each unit consisting of: ● one share of common stock; and ● one right to receive one-tenth (1/10) of one share of common stock. Proposed Nasdaq symbols Units: “[●]” Common stock: “[●]” Rights: “[●]” Trading commencement and separation of common stock and rights The units will begin trading promptly after the date of this prospectus. The common stock and rights comprising the units will begin separate trading on the 52 nd day following the date of this prospectus unless I-Bankers, as representative of the underwriters, informs us of its decision to allow earlier separate trading, subject to our having filed the Current Report on Form 8-K described below and having issued a press release announcing when such separate trading will begin. At the time that the common stock and rights comprising the units begin separate trading, holders will hold the separate securities and no longer hold units (without any action needing to be taken by the holders), and the units will no longer trade. Separate trading of the common stock and rights is prohibited until we have filed a Current Report on Form 8-K In no event will the common stock and rights be traded separately until we have filed with the SEC a Current Report on Form 8-K which includes an audited balance sheet reflecting our receipt of the gross proceeds at the closing of this offering. We will file the Current Report on Form 8-K promptly after the closing of this offering, which is anticipated to take place three"
BOLD,2024-03-28,-15.789473684210526,-20.701753047474643,-39.71929717482182,MISS,"” beginning on page 14 to read about factors you should consider before deciding to invest in shares of our common stock. Neither the Securities and Exchange Commission nor any state securities commission has approved or disapproved of these securities nor passed upon the accuracy or adequacy of this prospectus. Any representation to the contrary is a criminal offense. Per Share Total Initial public offering price $ $ Underwriting discounts and commissions (1) $ $ Proceeds, before expenses, to Boundless Bio, Inc. $ $ (1) See the section titled “Underwriting” for a description of the compensation payable to the underwriters. We have granted the underwriters an option for a period of 30 days to purchase up to an additional shares of our common stock at the initial public offering price, less the underwriting discounts and commissions. The underwriters expect to deliver the shares against payment in New York, New York on , 2024. Goldman Sachs & Co. LLC Leerink Partners Piper Sandler Guggenheim Securities Prospectus dated , 2024 Table of Contents TABLE OF CONTENTS Page Prospectus Summary 1 Risk Factors 14 Special Note Regarding Forward-Looking Statements 77 Market and Industry Data 78"
MAMO,2024-04-02,33.5548170652257,43.85381851910378,36.544855366655696,HIT,"Investing in our common stock is highly speculative and involves a high degree of risk . See “ Risk Factors ” beginning on page 14 and the other information in this prospectus for a discussion of the factors you should consider carefully before you decide to invest in our common stock. Lock-up period 180 days Transfer agent Transhare Corporation Payment and settlement The Underwriters expect to deliver the shares against payment through the facilities of the Depository Trust Company on [ ], 2023 All information in this prospectus assumes the Underwriters do not exercise their over-allotment option, and excludes the following: ● [ ] shares of our common stock (which is equal to [ ] % of our issued and outstanding common stock immediately after the consummation this offering) reserved for future issuance under our 20[ ] Equity Incentive Plan, which will become effective as of the closing of this offering. 9 Summary Selected Financial Information The following summary selected financial data as of and for the period ended September 30, 2023 and 2022, have been derived from our unaudited consolidated financial statements included elsewhere in this prospectus. The following summary selected financial data as of and for the years ended December 31, 2022 and have been derived from our audited financial statements included in this prospectus. The financial data set forth below should be read in conjunction with “"
CTNM,2024-04-05,0.9740297137676515,3.831169916900286,0.6493531425117677,MISS,"” beginning on page 15 of this prospectus to read about factors you should consider before buying shares of the common stock. Neither the Securities and Exchange Commission nor any other regulatory body has approved or disapproved of these securities or passed upon the accuracy or adequacy of this prospectus. Any representation to the contrary is a criminal offense. Per Share Total Initial public offering price $ $ Underwriting discount (1) $ $ Proceeds, before expenses, to us $ $ (1) See the section titled “Underwriting” for additional information regarding compensation payable to the underwriters. The underwriters have the option to purchase up to an additional shares from us at the initial price to the public, less the underwriting discount, for 30 days after the date of this prospectus. The underwriters expect to deliver the shares of Class A common stock against payment in New York, New York on or about , 2024. Goldman Sachs & Co. LLC Morgan Stanley Stifel RBC Capital Markets The date of this prospectus is , 2024. Table of Contents TABLE OF CONTENTS PROSPECTUS SUMMARY 1 THE OFFERING 10 SUMMARY FINANCIAL DATA 13 RISK FACTORS 15 SPECIAL NOTE REGARDING FORWARD-LOOKING STATEMENTS 80 MARKET, INDUSTRY AND OTHER DATA 82"
PACS,2024-04-11,0.17391702403192935,8.173909394637398,27.043475275454316,HIT,"” beginning on page 19 to read about the factors you should consider before buying shares of our common stock. Neither the Securities and Exchange Commission nor any other regulatory body has approved or disapproved of these securities or passed upon the accuracy or adequacy of this prospectus. Any representation to the contrary is a criminal offense. Per Share Total Initial public offering price $ $ Underwriting discounts and commissions (1) $ $ Proceeds, before expenses, to us $ $ __________________ (1) We have agreed to reimburse the underwriters for certain expenses in connection with this offering. See the section titled “Underwriters” for a description of the compensation payable to the underwriters. We have granted the underwriters an option for a period of up to 30 days to purchase up to an additional shares of our common stock from us at the initial public offering price, less the underwriting discounts and commissions. The underwriters expect to deliver the shares of common stock to purchasers on or about , 2024. Citigroup J.P. Morgan Truist Securities RBC Capital Markets KeyBanc Capital Markets Oppenheimer & Co. Regions Securities LLC Stephens Inc. Prospectus dated , 2024. TABLE OF CONTENTS Page GENERAL INFORMATION ii PROSPECTUS SUMMARY 1 THE OFFERING 14 RISK FACTORS 19 SPECIAL NOTE REGARDING FORWARD LOOKING STATEMENTS 62"
ULS,2024-04-12,-3.692035350693955,0.601038658912226,20.177456579430483,HIT,".” Reorganization On November 30, 2021, in pursuit of its mission of advancing safety, security and sustainability in people’s homes and workplaces worldwide, UL Research Institutes effected a reorganization (the “Reorganization”) pursuant to which it separated its two primary activities: (i) the research and exploration of, and communication about, threats to human safety and (ii) the translation of research insights into practical innovations to advance human safety through the development of safety standards and proactive communication, advocacy and policy initiatives related thereto (the “Standards Activities”). The purpose of the Reorganization was to facilitate the planned growth of these initiatives by helping to dedicate time and resources exclusively to each. The Reorganization entailed the transfer of all of the personnel, assets, liabilities and activities related to the Standards Activities, along with all of the stock (via a charitable grant of a majority of the issued and outstanding shares of capital stock of UL Solutions and a sale of the remainder) of UL Solutions Inc. (then UL Inc.), to UL Standards & Engagement. In connection with the Reorganization, in December 2021 and January 2022, we paid special cash dividends to UL Standards & Engagement of $200 million and $1.6 billion, respectively. Following the Reorganization, UL Research Institutes is the sole member of UL Standards & Engagement. As a result, UL Standards & Engagement is our sole stockholder prior to this offering. The following diagram sets forth a simplified view of our corporate structure after the Reorganization, and after giving effect to the consummation of this offering. This chart is for illustrative purposes only and does not represent all legal entities affiliated with the entities depicted (including our subsidiaries). Corporate History and Information In 1894, William Henry Merrill, Jr. founded Underwriters Electrical Bureau, an electrical testing laboratory to insurance underwriters. In 1901, Underwriters Laboratories of Illinois, the predecessor to UL Research Institutes, was incorporated in the state of Illinois as a nonprofit organization dedicated to the promotion of safety standards, publishing its first standard in 1903, “Tin Clad Fire Doors.” The first UL Mark for use outside of the United States was introduced in 1992 for the Canadian market. For 129 years, UL Research Institutes has engaged, including through controlled affiliates, in four principal activities: (1) conducting and disseminating scientific research on public safety issues, (2) engaging in education and 18 outreach activities to promote public safety, (3) developing standards for public safety and (4) testing, inspecting and certifying products to safety standards. UL Solutions Inc., the registrant, was incorporated as Underwriters Laboratories (USA) Inc. in 2008 and changed its name to UL Inc. in 2011. In 2012, UL Research Institutes transferred its testing, inspection and certification activities to UL Inc. In 2021, UL Research Institutes transferred its Standards Activities to UL Standards & Engagement, pursuant to the Reorganization, and on June 16, 2022, the Company filed an amendment to its restated certificate of incorporation changing the Company’s name to UL Solutions Inc. UL Research Institutes remains a tax-exempt nonprofit organization and continues to engage in scientific research activities. UL Solutions Inc. remains an indirect subsidiary of UL Research Institutes, with the same goal of advancing public safety. Our corporate headquarters are located at 333 Pfingsten Road, Northbrook, Illinois 60062. Our telephone number is (847) 272-8800. Our principal website address is www.ul.com . The information on, or that can be accessed through, our website or any subsection thereof is not, and will not be deemed to be, incorporated in this prospectus or to be part of this prospectus. You should not consider information contained on our website to be part of this prospectus in deciding whether to purchase shares of our Class A common stock. 19 THE OFFERING Class A common stock offered by the selling stockholder shares. Underwriters’ option to purchase additional shares of Class A common stock The underwriters have an option to purchase up to additional shares of Class A common stock from the selling stockholder at the initial public offering price, less underwriting discounts and commissions. The underwriters can exercise this option at any time within 30 days from the date of this prospectus. Class A common stock to be outstanding upon completion of this offering shares (or shares if the underwriters exercise their option to purchase additional shares of Class A common stock in full). Class B common stock to be outstanding upon completion of this offering shares (or shares if the underwriters exercise their option to purchase additional shares of Class A common stock in full). Class A and Class B common stock to be outstanding upon completion of this offering shares."
CTRI,2024-04-18,3.3402889836165524,5.2192065143240685,14.655524884010113,HIT,"” beginning on page 21 to read about factors you should consider before purchasing shares of our common stock. Neither the Securities and Exchange Commission nor any state securities commission or other regulatory body has approved or disapproved of these securities or passed upon the accuracy or adequacy of this prospectus. Any representation to the contrary is a criminal offense. Per Share Total Initial public offering price $ $ Underwriting discounts and commissions (1) $ $ Proceeds to us, before expenses $ $ (1) See “Underwriting (Conflicts of Interest)” for a description of compensation to be paid to the underwriters. We have granted the underwriters an option for a period of 30 days from the date of this prospectus to purchase up to additional shares of our common stock from us at the initial public offering price less the underwriting discounts and commissions to cover over-allotments. The underwriters expect to deliver the shares of common stock against payment in New York, New York on or about , 2024. UBS Investment Bank BofA Securities J.P. Morgan Wells Fargo Securities Baird KeyBanc Capital Markets Siebert Williams Shank Prospectus dated , 2024. Table of Contents Table of Contents Table of Contents Table of Contents Table of Contents Table of Contents TABLE OF CONTENTS ABOUT THIS PROSPECTUS iii PROSPECTUS SUMMARY 1 THE OFFERING 16 SUMMARY HISTORICAL AND PRO FORMA CONSOLIDATED FINANCIAL DATA 19 RISK FACTORS 21 CAUTIONARY NOTE REGARDING FORWARD-LOOKING STATEMENTS 61"
IBTA,2024-04-18,4.357139431700414,0.41837108378507654,-12.520404737822863,MISS,"See the section titled “ Risk Factors ” and other information for a discussion of factors you should carefully consider before deciding to invest in shares of our Class A common stock. 16 Voting Rights We will have two series of common stock: Class A common stock and Class B common stock. Shares of Class A common stock are entitled to one vote per share. Shares of Class B common stock are entitled to twenty votes per share. Holders of our Class A common stock and Class B common stock will generally vote together as a single series, unless otherwise required by law or our amended and restated certificate of incorporation. Upon completion of this offering, Bryan Leach, our Founder, Chief Executive Officer and President and a member of our board of directors, and entities affiliated with Mr. Leach will hold approximately % of the voting power of our outstanding capital stock in the aggregate, which voting power may increase over time as Mr. Leach’s equity awards which are outstanding at the time of the completion of this offering are exercised or vested. If all such equity awards held by Mr. Leach had been exercised or vested and exchanged for shares of Class B common stock as of the date of the completion of this offer, Mr. Leach and entities affiliated with Mr. Leach would collectively hold % of the voting power of our outstanding capital stock. As a result, Mr. Leach generally will be able to determine any action requiring the approval of our stockholders, subject to limited exceptions, including the election of our board of directors, the adoption of amendments to our certificate of incorporation and bylaws (where adopted by stockholders), and the approval of any merger, consolidation, sale of all or substantially all of our assets, or other major corporate transactions. Additionally, our executive officers, directors, and holders of 5% or more of our capital stock will hold, in the aggregate, approximately % of the voting power of our outstanding capital stock following this offering. See the sections titled “ Principal and Selling Stockholders ” and “"
LOAR,2024-04-25,4.713113264382679,2.459017995287442,21.024594870154502,HIT,".” These and other factors could cause our future performance to differ materially from our assumptions and estimates. See “Cautionary Note Regarding Forward-Looking Statements.” As a result, you should be aware that market, ranking, and other similar industry data included in this prospectus, and estimates and beliefs based on that data may not be reliable. Neither we nor the underwriters can guarantee the accuracy or completeness of any such information contained in this prospectus. TRADEMARKS, SERVICE MARKS, TRADENAMES, AND COPYRIGHTS We own a number of registered and common law trademarks and pending applications for trademark registrations in the United States. Unless otherwise indicated, all trademarks, service marks, trade names, and copyrights appearing in this prospectus are proprietary to us, our affiliates, and/or licensors. This prospectus also contains trademarks, tradenames, service marks, and copyrights of third parties, which are the property of their respective owners. Solely for convenience, the trademarks, tradenames, service marks, and copyrights referred to ii Table of Contents in this prospectus may appear without the ®, TM , SM , or © symbols, but such references are not intended to indicate, in any way, that we will not assert, to the fullest extent under applicable law, our rights or the rights of the applicable licensors to these trademarks, tradenames, service marks, and copyrights. We do not intend our use or display of other parties’ trademarks, tradenames, service marks, or copyrights to imply, and such use or display should not be construed to imply, a relationship with, or endorsement or sponsorship of us by, these other parties. NON-GAAP FINANCIAL MEASURES We present certain financial information based on our EBITDA, Adjusted EBITDA and Adjusted EBITDA Margin. References to “EBITDA” mean earnings before interest, taxes, depreciation and amortization, references to “Adjusted EBITDA” mean EBITDA plus, as applicable for each relevant period, certain adjustments as set forth in the reconciliations of net loss to EBITDA and Adjusted EBITDA and references to “Adjusted EBITDA Margin” refer to Adjusted EBITDA divided by net sales. EBITDA, Adjusted EBITDA and Adjusted EBITDA Margin, are not measurements of financial performance under U.S. GAAP. We present EBITDA, Adjusted EBITDA and Adjusted EBITDA Margin, because we believe they are useful indicators for evaluating operating performance. In addition, our"
RBRK,2024-04-25,-5.7567596435546875,-7.1351334855363175,-8.567562618771115,MISS,".” Our RSC platform is built to be highly flexible and scalable, enabling us to innovate and deliver new products in the future. RSC secures data across enterprise, cloud, and SaaS applications, including: • Enterprise : VMware, Microsoft Hyper-V, Microsoft SQL Server, Oracle, Microsoft Windows, Nutanix, Kubernetes, Cassandra, MongoDB, Linux, UNIX, AIX, NAS, Epic, and SAP HANA. • Cloud/SaaS : GCP, Azure, AWS, M365 (Microsoft Teams, SharePoint, Exchange Online, and OneDrive), and Atlassian Jira Cloud. Architecture Matters We believe the following attributes of our platform architecture allow us to offer a differentiated approach to data security: • Time-Series Data and Metadata . Combines data and metadata together into self-describing data and records its history over time. Self-describing data gives us the full context of data to address security use cases and conduct cyber recovery. Our proprietary framework uniformly represents self-describing data across time for a multitude of applications. 5 Table of Contents • Zero Trust Design . Prevents threats to the data layer through native immutability, secure protocols, logical air gap, encryption, role-based access controls, multi-factor authentication, and native services. • Data Threat Engine . Uses machine learning and threat intelligence to analyze our time-series data and metadata, detecting anomalies, encryption, content sensitivity, and malware. • Automation . Delivers automated end-to-end policy"
ZONE,2024-04-26,-9.99999727521624,-0.2857140132359096,-11.42857415335519,MISS,"— Risks Related to this Offering and Ownership of Our Common Stock .” Investing in our securities involves a high degree of risk. Before buying any securities, you should carefully read the discussion of the material risks of investing in our securities under the heading “Risk Factors” beginning on page 13 of this prospectus. Neither the Securities and Exchange Commission nor any state securities commission has approved or disapproved of these securities or determined if this prospectus is truthful or complete. Any representation to the contrary is a criminal offense. Per Share Total Initial public offering price $ $ Underwriting discounts and commissions (1) $ $ Proceeds to us, before expenses (2) $ $ ____________ (1) Does not include a non -accountable expense allowance equal to 1% of the gross proceeds of this offering payable to Boustead Securities, LLC, the representative of the underwriters. We have also agreed to issue to the representative warrants to purchase up to a total number of shares of class B common stock equal to 7% of the total number of shares sold in this offering at an exercise price equal to 125% of the initial public offering price of the shares sold in this offering. See “ Underwriting ” for a complete description of the compensation arrangements. (2) We estimate the total expenses payable by us, excluding the underwriting discount and non -accountable expense allowance, will be approximately $840,000. We have granted the underwriters an option for a period of 45 days after the closing of this offering to purchase up to 15% of the total number of shares to be offered by us pursuant to this offering (excluding shares subject to this option), solely for the purpose of covering over -allotments , at the initial public offering price less the underwriting discounts and commissions. The underwriters expect to deliver the shares against payment as set forth under “ Underwriting ” on or about , 2023. BOUSTEAD SECURITIES, LLC Prospectus dated , 2023 Table of Contents TABLE OF CONTENTS Page Prospectus Summary 1 Risk Factors 13 Cautionary Statement Regarding Forward-Looking Statements 27"
NNE,2024-05-08,-24.470134237468024,33.140650698042734,203.08283947612594,HIT,"” beginning on page 12. Neither the U.S. Securities and Exchange Commission nor any state securities commission has approved or disapproved of these securities or determined if this prospectus is truthful or complete. Any representation to the contrary is a criminal offense. Per Share Total Initial public offering price $ $ Underwriting discounts and commissions (1) $ $ Proceeds to us, before expenses (2) $ $ (1) Represents underwriting discounts equal to (i) seven percent (7%) per share (or $[●] per share), which is the underwriting discounts we have agreed to pay on investors in this offering introduced by the underwriters. (2) Does not include a non-accountable expense allowance equal to one percent (1%) of the gross proceeds of this offering, payable to the underwriters, or the reimbursement of certain expenses of the underwriters. We have also agreed to issue warrants to the underwriter to purchase a number of shares of common stock equal to seven percent (7%) of the total number of shares of common stock sold in this offering at an exercise price equal to one hundred and twenty-five percent (125%) of the initial public offering price of the shares of common stock sold in this offering. For a description of the other terms of compensation to be received by the underwriters, see “ Underwriting .” We have granted a 30-day option to the representative of the underwriters to purchase up to 450,000 additional shares of common stock solely to cover over-allotments, if any. If the representative of the underwriters exercises the option in full, the total underwriting discounts will be $1,207,500 and the additional proceeds to us, before expenses, from the over-allotment option exercise will be $2,070,000. The underwriters expect to deliver the shares of common stock to purchasers on or about [●], 2024. The Benchmark Company The date of this prospectus is [●], 2024 Creating the Next Generation of Advanced Nuclear Fuels and Developing Smaller, Cheaper and Safer Portable Clean Energy Solutions Renderings of proposed “Zeus” Microreactor Renderings of proposed “Odin” Microreactor Proposed HALEU Fuel Fabrication Facility TABLE OF CONTENTS PAGE PROSPECTUS SUMMARY 1 THE OFFERING 8 SUMMARY OF CONSOLIDATED FINANCIAL INFORMATION 10 RISK FACTORS 12 CAUTIONARY NOTE REGARDING FORWARD-LOOKING STATEMENTS 31"
PAL,2024-05-09,1.0169465663069386,2.576271962311308,9.83051364704714,HIT,"” beginning on page 13 to read about factors you should consider before buying shares of stock. Neither the Securities and Exchange Commission nor any state securities commission has approved or disapproved of these securities or determined if this prospectus is truthful or complete. Any representation to the contrary is a criminal offense. Per share Total Public offering price $ $ Underwriting discounts and commissions (1) $ $ Proceeds to us (before expenses) $ $ ____________ (1) See “Underwriting” for a description of compensation payable to the underwriters. We have granted the underwriters a 30 -day option to purchase up to an additional __________shares of common stock from us at the initial public offering price, less the underwriting discount. The underwriters expect to deliver the shares of common stock to purchasers on or about , 2024. Joint Book -Running Managers Stifel Raymond James William Blair The date of this prospectus is , 2024. Table of Contents TABLE OF CONTENTS PROSPECTUS P age PROSPECTUS SUMMARY 1 THE OFFERING 8 SUMMARY FINANCIAL DATA 10 RISK FACTORS 13 SPECIAL NOTE REGARDING FORWARD-LOOKING STATEMENTS 30 MARKET, INDUSTRY AND OTHER DATA 31"
SVCO,2024-05-09,-4.3434279603063395,-9.19191800481307,-8.333331727820955,MISS,"” beginning on page 18 to read about factors you should consider before buying shares of our common stock. Neither the Securities and Exchange Commission nor any state securities commission has approved or disapproved of these securities or determined if this prospectus is truthful or complete. Any representation to the contrary is a criminal offense. PER SHARE TOTAL Initial public offering price $ $ Underwriting discounts and commissions (1) $ $ Proceeds to Silvaco Group, Inc., before expenses $ $ (1) See the section titled “ Underwriting ” for additional information regarding underwriting compensation. We have granted the underwriters an option to purchase up to an additional shares of common stock from us, at the public offering price, less the underwriting discounts and commissions, for 30 days after the date of this prospectus. If the underwriters exercise the option in full, the total underwriting discounts and commissions payable by us will be $ , and the total proceeds to us, before expenses, will be $ . Jefferies TD Cowen B. Riley Securities Craig-Hallum Capital Group Rosenblatt , 2024 Table of Contents TABLE OF CONTENTS Page PROSPECTUS SUMMARY 1 RISK FACTORS 18 SPECIAL NOTE REGARDING FORWARD-LOOKING STATEMENTS 51 INDUSTRY AND MARKET DATA 53"
BTOC,2024-05-14,6.926410813593615,6.709955637629347,6.060610752038272,HIT,"” beginning on page 8 of this prospectus. Per Share Total Without Over-Allotment Option Total With Over-Allotment Option Initial public offering price of common stock $ $ $ Underwriters’ discounts (1) $ $ $ Proceeds to our company before expenses (2) $ $ $ ____________ (1) Represents underwriting discounts equal to 7.5% per share of common stock. (2) In addition to the underwriting discounts listed above, we have agreed to issue, upon closing of this offering, warrants to Prime Number Capital LLC, as representative of the several underwriters (the “Representative”), exercisable during the five -year period beginning six months after the closing of this offering, entitling the Representative to purchase 5% of the total number of shares of common stock sold in this offering (including any shares of common stock sold as a result of the exercise of the underwriters’ over -allotment option) at a per share price equal to 125.0% of the public offering price (the “Representative’s Warrants”). The registration statement of which this prospectus is a part also covers the Representative’s Warrants and the common stock issuable upon the exercise thereof. See “Underwriting” for additional information regarding total underwriter compensation. We have granted the underwriters an option for a period of 45 days after the effective date of the registration statement of which this prospectus forms a part to purchase up to 15% of the total number of shares of common stock to be offered by us pursuant to this offering solely for the purpose of covering over -allotments , if any, at the public offering price less the underwriting discounts. If the underwriters exercise the option in full, the total underwriting discounts payable will be $885,500, based on an assumed public offering price of $5.5 per share of common stock, which is the midpoint of the estimated initial public offering price range set forth on the cover page of this prospectus, and the total gross proceeds to us, before underwriting discounts and expenses, will be $12,650,000. The underwriters expect to deliver the shares of our common stock against payment in U.S. dollars in New York, New York on or about [•], 2023. Neither the U.S. Securities and Exchange Commission nor any state securities commission nor any other regulatory body has approved or disapproved of these securities or determined if this prospectus is truthful or complete. Any representation to the contrary is a criminal offense. Prospectus dated [•], 2023 Table of Contents TABLE OF CONTENTS Page PROSPECTUS SUMMARY 1 THE OFFERING 6 RISK FACTORS 8 DISCLOSURE REGARDING FORWARD-LOOKING STATEMENTS 26"
BOW,2024-05-23,6.008404836202825,6.5966455987448045,9.201683211180205,HIT,"” beginning on page 21 . Neither the Securities and Exchange Commission nor any state securities commission or regulatory authority has approved or disapproved of these securities or passed upon the adequacy or accuracy of this prospectus. Any representation to the contrary is a criminal offense. Per Share Total Initial public offering price $ $ Underwriting discounts and commissions (1) $ $ Proceeds to us, before expenses $ $ __________________ (1) See “Underwriting” for additional information regarding underwriting compensation. We have granted the underwriters the right, for a period of 30 days from the date of this prospectus, to purchase up to additional shares of common stock from us at the initial public offering price less the underwriting discounts and commissions. The underwriters expect to deliver the shares against payment in New York, New York, on or about , 2024. J.P. Morgan Morgan Stanley Keefe, Bruyette & Woods A Stifel Company Citizens JMP RBC Capital Markets Dowling & Partners Securities, LLC Siebert Williams Shank The date of this prospectus is , 2024. TABLE OF CONTENTS Page A bout This Prospectus ii Prospectus Summary 1 A Letter From Our Founder and Chief Executive Officer 20 Risk Factors 21 Forward-Looking Statements 48"
NAKA,2024-05-31,-7.28477055417571,-2.9801374276233843,-21.52317826420921,MISS,"—Risks Related to Our Common Stock and this Offering .” Investing in our securities involves a high degree of risk. See “ Risk Factors ” beginning on page 10 of this prospectus. You should carefully consider these risk factors, as well as the information contained in this prospectus, before purchasing any of the securities offered by this prospectus. Per Unit Total Initial public offering price $ [ ] $ [ ] Underwriting discounts and commissions (1) $ [ ] $ [ ] Proceeds, before expenses, to us $ [ ] $ [ ] (1) Does not include a non-accountable allowance equal to 1.5% of the gross proceeds of this offering, payable to WallachBeth Capital LLC, as representative of the underwriters (the “Representative”), or the reimbursement of certain expenses of the underwriters. See “ Underwriting ” on page 62 for additional information regarding total underwriting compensation. In addition to the underwriting discounts listed above and the non-accountable expense allowance described in the footnote, we have agreed to issue upon the closing of this offering to the Representative, warrants that will expire on the fifth anniversary of the effective date of the registration statement of which this prospectus is a part, entitling the Representative to purchase 6% of the number of shares of Common Stock sold in this offering (excluding shares of common stock sold to cover over-allotments, if any) (the “Representative Warrants”). The registration statement of which this prospectus is a part also covers the Representative Warrants and the shares of Common Stock issuable upon the exercise thereof. For additional information regarding our arrangement with the underwriters, please see “ Underwriting ” beginning on page 62. We have granted the Representative of the underwriters an option to purchase from us, at the public offering price, less the underwriting discounts and commissions, up to an additional [ ] shares of Common Stock and/or [ ] Tradeable Warrants, and/or [ ] Non-Tradeable Warrants, in any combination thereof, less the underwriting discounts and commissions, within 45 days from the date of this prospectus to cover over-allotments, if any. NEITHER THE SECURITIES AND EXCHANGE COMMISSION NOR ANY STATE SECURITIES COMMISSION HAS APPROVED OR DISAPPROVED OF THESE SECURITIES OR PASSED UPON THE ADEQUACY OR ACCURACY OF THIS PROSPECTUS. ANY REPRESENTATION TO THE CONTRARY IS A CRIMINAL OFFENSE. The underwriters expect to deliver the securities against payment in New York, New York on or about __________________, 2023. Sole Book-Running Manager WallachBeth Capital LLC Prospectus dated , 2023 TABLE OF CONTENTS Page Prospectus Summary 4 Summary of Offering 8 Summary of Financial Information 9 Risk Factors 10 Cautionary Note Regarding Forward-Looking Statements 25"
FLYE,2024-06-06,-15.062761506276152,11.715481171548117,33.47280334728033,HIT,"” beginning o n page 9 of this prospectus before you make your decision to invest in our common stock. Neither the Securities and Exchange Commission nor any other regulatory body has approved or disapproved of these securities or passed upon the accuracy or adequacy of this prospectus. Any representation to the contrary is a criminal offense. Per Share Total Initial public offering price (1) $ $ Underwriting discounts and commissions (2) $ $ Proceeds to us, before expenses (3) $ $ ____________ (1) Assuming an initial public offering price is $___, the midpoint of the range set forth on the cover page of this prospectus. (2) Represents underwriting discounts equal to (i) 7% per share, which is the underwriting discounts we have agreed to pay on investors in this offering introduced by the underwriters; and (ii) 5.5% per share, which is the underwriting discounts we have agreed to pay on investors in this offering introduced by us. For purpose of the calculation only, we assume 100% investors in this offering are introduced by the underwriters. We have also agreed to issue a warrant or warrants to the representative of the underwriters exercisable in the aggregate for up to such number of shares equal to 5% of the number of shares sold in this offering (the “Representative Warrants”), to reimburse the underwriters for certain expenses and to provide the representative a non -accountable expense allowance equal to 1% of the gross proceeds of this offering, payable at the closing of the offering. See “Underwriting”. (3) The proceeds to us presented in this table does not give effect to the exercise of (i) the option we have granted to the underwriters as described below and (ii) the Representative’s Warrants. We have granted the underwriters an option exercisable for a period of 30 days from the date of this prospectus to purchase up to ____ additional shares of our common stock from us at the initial public offering price, less the underwriting discounts and commissions, solely to cover over -allotments , if any. If the underwriters exercise their option in full, the total proceeds to us, before expenses, will be $____ , based upon an assumed initial public offering price of $____ per share, the midpoint of the range set forth on the cover page of this prospectus. The underwriters expect to deliver the shares of common stock to investors on or about ________________, 2024. The Benchmark Company The date of this prospectus is ___________________, 2024. Table of Contents Table of Contents Table of Contents Page About this Prospectus ii Cautionary Note Regarding Forward-Looking Statements iii Prospectus Summary 1 Risk Factors 9"
RAPP,2024-06-07,21.53846929764635,11.826928279103804,-2.163456115849426,HIT,"” beginning on page 15 to read about factors you should consider before deciding to invest in shares of our common stock. Neither the Securities and Exchange Commission nor any state securities commission has approved or disapproved of these securities or passed upon the accuracy or adequacy of this prospectus. Any representation to the contrary is a criminal offense. Per Share Total Initial public offering price $ $ Underwriting discounts and commissions (1) $ $ Proceeds, before expenses, to Rapport Therapeutics, Inc. $ $ (1) See the section titled “ Underwriting ” for additional information regarding compensation payable to the underwriters. To the extent that the underwriters sell more than shares of common stock, the underwriters have the option to purchase up to an additional shares of common stock from us, at the initial public offering price, less the underwriting discounts and commissions. The underwriters expect to deliver the shares against payment on or about , 2024. Goldman Sachs & Co. LLC Jefferies TD Cowen Stifel Prospectus dated , 2024 Table of Contents TABLE OF CONTENTS Page PROSPECTUS SUMMARY 3 RISK FACTORS 15 SPECIAL NOTE REGARDING FORWARD-LOOKING STATEMENTS 81"
WAY,2024-06-07,1.4492716232052265,3.8647304713767796,14.927536418839738,HIT,"” beginning on page 16 of this prospectus to read about factors you should consider before buying shares of our common stock. ​ We are an “emerging growth company” as defined in Section 2(a)(19) of the Securities Act of 1933, as amended, and, as such, we have elected to comply with certain reduced public company reporting requirements for this prospectus and may elect to do so in future filings. See “Prospectus summary—Implications of being an emerging growth company.” Neither the U.S. Securities and Exchange Commission nor any state securities commission has approved or disapproved of these securities or passed upon the adequacy or accuracy of this prospectus. Any representation to the contrary is a criminal offense. ​ ​ ​ Per share ​ ​ Total ​ Initial public offering price ​ ​ ​ $ ​ ​ ​ ​ $ ​ ​ Underwriting discount(1) ​ ​ ​ $ ​ ​ ​ ​ $ ​ ​ Proceeds, before expenses, to us ​ ​ ​ $ ​ ​ ​ ​ $ ​ ​ (1) See “Underwriting” for a description of the compensation payable to the underwriters. We have granted the underwriters the right, for a period of 30 days from the date of this prospectus, to purchase up to additional shares of common stock from us at the initial public offering price less the underwriting discount. The underwriters expect to deliver the shares against payment in New York, New York on or about , 2023. ​ J.P. Morgan Goldman Sachs & Co. LLC Barclays The date of this prospectus is , 2023 TABLE OF CONTENTS TABLE OF CONTENTS TABLE OF CONTENTS TABLE OF CONTENTS TABLE OF CONTENTS TABLE OF CONTENTS ​ T able of contents ​ ​ ​ Page ​ I ndustry and Market Data ​ ​ ​ ​ iii ​ ​ T rademarks, Service Marks, Tradenames, and Copyrights ​ ​ ​ ​ iii ​ ​ B asis of Presentation ​ ​ ​ ​ iii ​ ​ N on -GAAP Financial Measures ​ ​ ​ ​ iv ​ ​ Summary ​ ​ ​ ​ 1 ​ ​ R isk Factors ​ ​ ​ ​ 16 ​ ​ F orward-Looking Statements ​ ​ ​ ​ 52 ​ ​"
TEM,2024-06-14,-31.52795163741023,-17.51552605480881,14.211183157026397,HIT,"You should carefully read the section titled “Risk Factors” beginning on page 28 and the other information included in this prospectus for a discussion of facts that you should consider before deciding to invest in shares of our Class A common stock. Proposed Nasdaq Global Select trading symbol “TEM” The number of shares of Class A common stock and Class B common stock that will be outstanding immediately after this offering as noted above is based on shares of Class A common stock and 5,043,789 shares of Class B common stock outstanding as of March 31, 2024 (assuming the conversion of all outstanding shares of redeemable convertible preferred stock, including the Series G-5 convertible preferred stock, as described below), other than our Series B redeemable convertible preferred stock, and non-voting common stock into Class A common stock and all outstanding shares of Series B redeemable convertible preferred stock into Class B common stock as described below) and excludes: • shares of Class A common stock issuable on the vesting and settlement of restricted stock units, or RSUs, as of March 31, 2024 under our Third Amended and Restated 2015 Stock Plan, as amended, or 2015 Plan, for which the performance-based vesting condition will be satisfied in connection with this offering, but for which the service-based vesting condition will not be satisfied on or before , 2024; 20 Table of Contents • shares of Class A common stock issuable upon the settlement of RSUs granted after March 31, 2024 under the 2015 Plan; • shares of Class A common stock reserved for future issuance under our 2024 Equity Incentive Plan, or 2024 Plan, as well as any future increases, including annual automatic evergreen increases ( as described in the section of this prospectus titled “"
MACI,2024-06-18,0.20079823305980946,0.0,,MISS,"” beginning on page 44 for a discussion of information that should be considered in connection with an investment in our securities. Investors will not be entitled to protections normally afforded to investors in Rule 419 blank check offerings. Neither the U.S. Securities and Exchange Commission nor any state securities commission has approved or disapproved of these securities or determined if this prospectus is truthful or complete. Any representation to the contrary is a criminal offense. No offer or invitation, whether directly or indirectly, is being or may be made to the public in the Cayman Islands to subscribe for any of our securities. ​ ​ ​ Per Unit ​ ​ Total ​ Public offering price (1) ​ ​ ​ $ 10.00 ​ ​ ​ ​ $ 150,000,000 ​ ​ Underwriting discounts and commissions ​ ​ ​ $ 0.60 ​ ​ ​ ​ $ 9,000,000 ​ ​ Proceeds, before expenses, to us ​ ​ ​ $ 9.40 ​ ​ ​ ​ $ 141,000,000 ​ ​ ​ (1) Includes $0.20 per unit (excluding any units sold pursuant to the underwriters’ option to purchase additional units), or $3,000,000 in the aggregate (whether or not the underwriters’ option to purchase additional units is exercised), payable to CCM upon the closing of this offering. Also includes $0.40 per unit on units other than those sold pursuant to the underwriters’ option to purchase additional units and $0.60 per unit on units sold pursuant to the underwriters’ option to purchase additional units, or $6,000,000 in the aggregate, (or up to $7,350,000 if the overallotment option is exercised in full) payable to the underwriters in this offering, for deferred underwriting commissions to be placed in a trust account located ​ TABLE OF CONTENTS in the United States and released to the underwriters only upon the completion of an initial"
TBN,2024-06-27,9.885055717380567,13.241375451800467,-1.1494252873563218,HIT,"” beginning on page 21 of this prospectus. Per Share Total Public offering price $ $ Underwriting discount and commissions (1) $ $ Proceeds to us before expenses $ $ (1) The underwriters will also be reimbursed for certain expenses incurred in this offering. See “ Underwriting ” for additional information regarding underwriting compensation. Neither the U.S. Securities and Exchange Commission nor any state securities commission has approved or disapproved of these securities or determined if this prospectus is truthful or complete. Any representation to the contrary is a criminal offense. The underwriters expect to deliver the shares of our common stock on or about , 2024. Joint Book-Running Managers BofA Securities Citigroup RBC Capital Markets Co-Managers Johnson Rice & Company Piper Sandler The date of this prospectus is , 2024. Table of Contents Table of Contents TABLE OF CONTENTS Page PROSPECTUS SUMMARY 1 SUMMARY CONSOLIDATED FINANCIAL DATA 19 RISK FACTORS 21 CAUTIONARY STATEMENT REGARDING FORWARD-LOOKING STATEMENTS 61"
WBTN,2024-06-27,-11.565216727878736,-10.95652372940727,-44.565217391304344,MISS,"” beginning on page 26 to read about factors you should consider before purchasing shares of our common stock. Neither the Securities and Exchange Commission nor any other regulatory body has approved or disapproved of these securities or passed upon the accuracy or adequacy of this prospectus. Any representation to the contrary is a criminal offense. Per share Total Initial public offering price $ $ Underwriting discounts and commissions (1) $ $ Proceeds to us, before expenses $ $ (1) See “Underwriting” for a description of the compensation payable to the underwriters. The underwriters have the option, for a period of 30 days from the date of this prospectus, to purchase up to an additional shares from us at the initial public offering price less the underwriting discount and commissions to cover over-allotments. The underwriters expect to deliver the shares of common stock against payment on or about , 2024. Goldman Sachs & Co. LLC Morgan Stanley J.P. Morgan Evercore ISI Deutsche Bank Securities UBS Investment Bank HSBC Raymond James LionTree Prospectus dated , 2024. Table of Contents TABLE OF CONTENTS A LETTER FROM JUNKOO KIM, FOUNDER AND CEO vi PROSPECTUS SUMMARY 1 SUMMARY CONSOLIDATED FINANCIAL AND OTHER DATA 23 RISK FACTORS 26 CAUTIONARY NOTE REGARDING FORWARD-LOOKING STATEMENTS 74"
ALMS,2024-06-28,-2.556392088059847,-6.015038941820203,-9.849627073909973,MISS,"” beginning on page 13 to read about factors you should consider before buying shares of the common stock. Neither the Securities and Exchange Commission nor any other regulatory body has approved or disapproved of these securities or passed upon the accuracy or adequacy of this prospectus. Any representation to the contrary is a criminal offense. ​ We are an “emerging growth company” and a “smaller reporting company” as defined under the U.S. federal securities laws and, as such, may elect to comply with certain reduced public company reporting requirements in future reports after the closing of this offering. See the section titled “Prospectus Summary—Implications of Being an Emerging Growth Company and a Smaller Reporting Company.” ​ ​ ​ ​ Per Share ​ ​ Total ​ Initial public offering price ​ ​ ​ $ ​ ​ ​ ​ $ ​ ​ Underwriting discounts and commissions (1) ​ ​ ​ $ ​ ​ ​ ​ $ ​ ​ Proceeds, before expenses, to Alumis ​ ​ ​ $ ​ ​ ​ ​ $ ​ ​ ​ ​ (1) See the section titled “ Underwriting ” beginning on page 195 for additional information regarding underwriter compensation. ​ ​ ​ We have granted the underwriters an option to purchase up to an additional shares from us at the initial public offering price, less the underwriting discount and commissions. The underwriters may exercise this right at any time within 30 days after the date of this prospectus. The underwriters expect to deliver the shares to purchasers on or about , 2024. ​ ​ Morgan Stanley ​ ​ Leerink Partners ​ ​ Cantor ​ ​ Guggenheim Securities ​ ​ Prospectus dated , 2024. TABLE OF CONTENTS ​ ​ TABLE OF CONTENTS ​ ​ ​ Page ​ PROSPECTUS SUMMARY ​ ​ ​ ​ 1 ​ ​ RISK FACTORS ​ ​ ​ ​ 13 ​ ​ SPECIAL NOTE REGARDING FORWARD-LOOKING STATEMENTS ​ ​ ​ ​ 73 ​ ​ MARKET, INDUSTRY AND OTHER DATA ​ ​ ​ ​ 75 ​ ​"
LB,2024-06-28,20.734346537816133,24.622033938941936,46.00431876467742,HIT,"” beginning on page 45 of this prospectus to read about factors you should consider before investing in our Class A shares. These risks include the following: • Our revenues are substantially dependent on ongoing oil and natural gas exploration, development and production activity on or around our land. If E&P companies do not maintain drilling, completion and production activities on or around our land, the demand for the use of our land and resources, as well as the royalties we receive from the production of oil and natural gas and related activities on our land, could be reduced, which could have a material adverse effect on our results of operations, cash flows and financial position. • The willingness of E&P companies to engage in drilling, completion and production activities on and around our land is substantially influenced by the market prices of oil and natural gas, which are highly volatile. A substantial or extended decline in oil and natural gas prices may adversely affect our results of operations, cash flows and financial position. • Because a significant portion of our future revenue growth is expected to be derived from WaterBridge and Desert Environmental (each, as defined herein), any development that materially and adversely affects their"
LSH,2024-06-28,-6.483795861386657,-35.162100842134805,-19.201999386414066,MISS,"” beginning on page 7 of this prospectus to read about factors you should consider before deciding to invest in shares of our common stock. __________________________________________ Neither the Securities and Exchange Commission nor any state securities commission has approved or disapproved of these securities or determined if this prospectus is truthful or complete. Any representation to the contrary is a criminal offense. Per Share Total Initial public offering price $ $ Underwriting discounts and commissions (1) $ $ Proceeds, before expenses, to us $ $ ____________ (1) See the section titled “Underwriting” for a description of the compensation payable to the underwriters. We have granted the underwriters an option for a period of 30 days to purchase up to 187,500 additional shares of our common stock at the initial public offering price less the underwriting discounts and commissions. Delivery of the shares is expected to be made on or about , 2024. __________________________________________ THE BENCHMARK COMPANY, LLC AXIOM CAPITAL"
ARDT,2024-07-18,8.405980238869889,-0.6849293918752408,22.727271107764608,HIT,"” beginning on page 23 of this prospectus. Per Share Total Price to the public $ $ Underwriting discounts and commissions (1) $ $ Proceeds to us (before expenses) $ $ Proceeds to the selling stockholder (before expenses) $ $ (1) We have agreed to reimburse the underwriters for certain FINRA-related expenses. See “Underwriting” for a detailed description of the compensation payable to the underwriters. To the extent that the underwriters sell more than shares of common stock, the underwriters have the option to purchase up to an additional shares from us and up to an additional shares from the selling stockholder, as described in “Underwriting.” Neither the Securities and Exchange Commission nor any state securities commission has approved or disapproved of these securities or passed on the adequacy or accuracy of this prospectus. Any representation to the contrary is a criminal offense. The underwriters expect to deliver the shares on or about , 2018. Book-Running Managers Barclays Citigroup J.P. Morgan BofA Merrill Lynch Credit Suisse Goldman Sachs & Co. LLC RBC Capital Markets Co-Manager Loop Capital Markets Prospectus dated , 2018 Table of Contents TABLE OF CONTENTS Page ABOUT THIS PROSPECTUS ii GLOSSARY iii FINANCIAL STATEMENT PRESENTATION v NON-GAAP FINANCIAL MEASURES vi ADDITIONAL FINANCIAL MEASURES AND OPERATING DATA vii INDUSTRY AND MARKET DATA ix TRADEMARKS AND TRADE NAMES ix PROSPECTUS SUMMARY 1 RISK FACTORS 23 SPECIAL NOTE REGARDING FORWARD-LOOKING STATEMENTS 48"
TWFG,2024-07-18,7.587460513074178,10.404357039368593,24.216264735481253,HIT,"” beginning on page 36 . Per share Total Initial public offering price $ $ Underwriting discounts and commissions (1) $ $ Proceeds to us, before expenses $ $ (1) See “Underwriting” for a description of compensation to be paid to the underwriters. We have granted the underwriters the option to purchase up to an additional shares of Class A common stock from us at the initial public offering price less the underwriting discounts and commissions for a period of 30 days after the date of this prospectus to cover over-allotments. The underwriters expect to deliver the shares against payment in New York, New York on or about , 2024 through the book-entry facilities of The Depository Trust Company. Neither the Securities and Exchange Commission nor any state securities commission has approved or disapproved of these securities or determined if this prospectus is truthful or complete. Any representation to the contrary is a criminal offense. Joint Lead Book-Running Managers J.P. Morgan Morgan Stanley BMO Capital Markets Piper Sandler Joint Book-Running Managers RBC Capital Markets UBS Investment Bank Keefe, Bruyette & Woods A Stifel Company William Blair Co-Manager Dowling & Partners Securities LLC , 2024. Table of contents Page Prospectus summary 1 The offering 23 Summary historical and pro forma financial and other data 28 Risk factors 36 Special note regarding forward-looking statements 79 Organizational structure 80"
ARTV,2024-07-19,-2.749999364217122,-8.333333333333332,-3.833333651224772,MISS,"” on page 13 to read about factors you should consider before buying shares of the common stock. Neither the Securities and Exchange Commission nor any state securities commission has approved or disapproved of these securities or determined if this prospectus is truthful or complete. Any representation to the contrary is a criminal offense. Per Share Total Initial public offering price $ $ Underwriting discounts (1) $ $ Proceeds, before expenses, to us $ $ (1) See “Underwriting” for a description of all compensation payable to the underwriters. To the extent that the underwriters sell more than shares of common stock, the underwriters have the option to purchase up to an additional shares from us at the initial price to public less the underwriting discount. The underwriters expect to deliver the shares of common stock to purchasers on or about , 2021 through the book-entry facilities of The Depository Trust Company. Goldman Sachs & Co. LLC Cowen Evercore ISI Wedbush PacGrow Prospectus dated , 2021. Table of Contents TABLE OF CONTENTS PAGE Prospectus Summary 1 Risk Factors 13 Special Note Regarding Forward-Looking Statements 81 Industry and Other Data 83"
CON,2024-07-25,-1.0231296571167439,2.3131693432051637,7.9626376867322355,HIT,"” beginning on page 24 to read about factors you should consider before purchasing shares of our common stock. Neither the Securities and Exchange Commission nor any state securities commission or other regulatory body has approved or disapproved of these securities or passed upon the accuracy or adequacy of this prospectus. Any representation to the contrary is a criminal offense. The underwriters expect to deliver the shares of common stock against payment in New York, New York on or about , 2024. ​ ​ J.P. Morgan ​ ​ Goldman Sachs & Co. LLC ​ ​ BofA Securities ​ ​ Deutsche Bank Securities ​ ​ Wells Fargo Securities ​ ​ Mizuho ​ ​ RBC Capital Markets ​ ​ Truist Securities ​ ​ Capital One Securities ​ ​ Fifth Third Securities ​ ​ PNC Capital Markets LLC ​ Prospectus dated , 2024 TABLE OF CONTENTS TABLE OF CONTENTS ​ TABLE OF CONTENTS ​ About This Prospectus ​ ​ ​ ​ ii ​ ​ ​ Prospectus Summary ​ ​ ​ ​ 1 ​ ​ ​ The Offering ​ ​ ​ ​ 17 ​ ​ ​ Summary Historical and Unaudited Pro Forma Consolidated Financial Data ​ ​ ​ ​ 20 ​ ​ ​ Risk Factors ​ ​ ​ ​ 24 ​ ​ ​ Cautionary Note Regarding Forward-Looking Statements ​ ​ ​ ​ 58 ​ ​ ​ Market and Industry Data ​ ​ ​ ​ 60 ​ ​ ​"
OSTX,2024-08-01,43.82469756223176,60.95617439055794,37.051795629113016,HIT,"” beginning on page 13 of this prospectus. Per Share Total Initial public offering price $ $ Underwriting discounts and commissions (1) $ $ Proceeds to us, before expenses $ $ ____________ (1) Does not include a non -accountable expense allowance equal to 1% of the gross proceeds of this offering payable to Boustead Securities, LLC, the representative of the underwriters. We have also agreed to issue warrants to the representative of the underwriters. See the section entitled ‘‘Underwriting’’ beginning on page 105 of this prospectus for additional information regarding compensation payable to the underwriters. We have granted a 45 -day option to the underwriters to purchase up to 300,000 additional shares of our common stock, solely to cover over -allotments , if any, at the public offering price less underwriting discounts and commissions. We are an “emerging growth company” and “smaller reporting company” as defined under the U.S. federal securities laws and, as such, have elected to comply with certain reduced public company reporting requirements for this prospectus and may elect to do so after this offering in future filings. Neither the Securities and Exchange Commission nor any state securities commission has approved or disapproved of these securities or determined if this prospectus is truthful or complete. Any representation to the contrary is a criminal offense. The underwriters expect to deliver the shares of our common stock to purchasers on or about _____, 2023. Boustead Securities, LLC The date of this prospectus is __________, 2023 Table of Contents OST -HER2 OST -TDC OS Therapies’ pipeline includes two drug technologies — our lead core product candidate OST -HER2 , an off -the-shelf immunotherapy, and OST -TDC , our next generation tunable antibody -drug conjugate platform that is in preclinical development. Table of Contents TABLE OF CONTENTS Page PROSPECTUS SUMMARY 1 RISK FACTORS 13 CAUTIONARY NOTE REGARDING FORWARD-LOOKING STATEMENTS 49"
ACTU,2024-08-13,-6.504059097239229,-6.968634747042031,-32.63646432045053,MISS,"” beginning on page 13 . Neither the Securities and Exchange Commission nor any state securities commission has approved or disapproved of these securities or passed upon the adequacy or accuracy of this prospectus. Any representation to the contrary is a criminal offense. ​ ​ ​ Per Share ​ ​ Total ​ Public offering price ​ ​ ​ $ ​ ​ ​ ​ $ ​ ​ Underwriting discounts and commissions (1) ​ ​ ​ $ ​ ​ ​ ​ $ ​ ​ Proceeds, before expenses, to us ​ ​ ​ $ ​ ​ ​ ​ $ ​ ​ ​ ​ (1) See “Underwriting” for additional disclosure regarding the underwriting discounts and commissions and estimated offering expenses, as well as a complete description of the compensation payable to the underwriters. ​ We have granted the underwriters an option for a period of 30 days to purchase up to an additional shares of our common stock at the initial public offering price, less the underwriting discounts and commissions solely to cover over-allotments, if any. The underwriters expect to deliver the shares on or about , 2024. Sole Bookrunner Titan Partners Group a division of American Capital Partners Co-Manager Newbridge Securities Corporation The date of this prospectus is , 2024. TABLE OF CONTENTS ​ TABLE OF CONTENTS ​ ​ ​ Page ​ PROSPECTUS SUMMARY ​ ​ ​ ​ 1 ​ ​ RISK FACTORS ​ ​ ​ ​ 13 ​ ​ INDUSTRY AND MARKET DATA ​ ​ ​ ​ 71 ​ ​"
SPAI,2024-08-28,-27.86885392356021,-19.67212922532722,-41.920374001140615,MISS,"— Risks Related to this Offering and Ownership of Our Common Stock”. Investing in our common stock is highly speculative and involves a high degree of risk. See “Risk Factors” beginning on page 6 of this prospectus for a discussion of information that should be considered in connection with an investment in our securities. NEITHER THE SECURITIES AND EXCHANGE COMMISSION NOR ANY STATE SECURITIES COMMISSION HAS APPROVED OR DISAPPROVED OF THESE SECURITIES OR DETERMINED IF THIS PROSPECTUS IS TRUTHFUL, ACCURATE, OR COMPLETE. ANY REPRESENTATION TO THE CONTRARY IS A CRIMINAL OFFENSE. Per Share Total Initial public offering price (1) $ $ Underwriting discounts and commissions (2) $ $ Proceeds to us, before expenses $ $ (1) Assumes no exercise of the over-allotment option we have granted to the underwriters, as described below. (2) Represents an underwriting discount of 8.0%. We have also agreed to issue to the representative warrants to purchase up to a total number of shares of common stock equal to 5% of the total number of shares sold in this offering at an exercise price equal to 125% of the initial public offering price of the shares sold in this offering. The warrants and the underlying shares of common stock are registered on the registration statement of which this prospectus is a part, See “Underwriting” on page 52 for additional disclosure regarding compensation payable to the underwriters. We have granted a 45-day over-allotment option to the underwriters to purchase up to an aggregate of 180,000 additional shares of common stock solely to cover over-allotments, if any. The purchase price to be paid per additional share of common stock will be equal to the public offering price of one share, less the underwriting discounts and commissions. The underwriters expect to deliver our shares to purchasers in the offering on or about _______, 2024. Sole Book-Running Manager Dawson James Securities, Inc. The date of this prospectus is _____________, 2024. TABLE OF CONTENTS Page Prospectus Summary 1 Risk Factors 6 Special Note Regarding Forward-Looking Statements 19"
BCAX,2024-09-13,9.995729038189504,1.6659521238380124,-3.887227054009172,HIT,"” beginning on page 13 of this prospectus. Neither the Securities and Exchange Commission nor any state securities commission has approved or disapproved of these securities or determined if this prospectus is truthful or complete. Any representation to the contrary is a criminal offense. Per share Total Initial public offering price $ $ Underwriting discounts and commissions (1) $ $ Proceeds, before expenses, to us $ $ (1) See the section titled “Underwriting” for additional information regarding underwriting compensation payable to the underwriters. We have granted the underwriters an option for a period of 30 days from the date of this prospectus to purchase an additional shares of common stock at the initial offering price, less the underwriting discounts and commissions. The underwriters expect to deliver the shares of common stock on or about , 2024. Morgan Stanley TD Cowen Cantor Stifel Prospectus dated , 2024 Table of Contents TABLE OF CONTENTS Prospectus Summary 1 The Offering 9 Summary Financial Data 11 Risk Factors 13 Special Note Regarding Forward-looking Statements 77"
MBX,2024-09-13,-2.7906970742400583,3.5940820092180186,-10.190274360612776,MISS,"” starting on page 16 of this prospectus. Neither the Securities and Exchange Commission nor any state securities commission has approved or disapproved of these securities, or passed upon the adequacy or accuracy of this prospectus. Any representation to the contrary is a criminal offense. Per share Total Initial public offering price $ $ Underwriting discounts and commissions (1) $ $ Proceeds, before expenses, to MBX Biosciences, Inc. $ $ (1) See “Underwriting” beginning on page 210 of this prospectus for additional information regarding underwriting compensation. We have granted the underwriters an option for a period of 30 days to purchase an additional shares of our common stock from us at the initial public offering price, less underwriting discounts and commissions. At our request, the underwriters have reserved up to % of the shares offered by this prospectus for sale, at the initial public offering price, to our directors, officers, certain employees and certain other persons associated with us. See “Underwriting—Directed share program.” The underwriters expect to deliver the shares against payment in New York, New York on , 2024. J.P. Morgan Jefferies Stifel Guggenheim Securities Prospectus dated , 2024. Table of Contents Table of contents Page Prospectus summary 1 The offering 12 Summary financial data 14 Risk factors 16 Special note regarding forward-looking statements 94"
ZBIO,2024-09-13,5.950412927851673,3.0853965714172817,12.396694475424995,HIT,"” beginning on page 14 . ​ PRICE $ PER SHARE ​ ​ ​ ​ Price to Public ​ ​ Underwriting Discounts and Commissions (1) ​ ​ Proceeds to Zenas BioPharma ​ Per Share ​ ​ ​ $ ​ ​ ​ ​ $ ​ ​ ​ ​ $ ​ ​ Total ​ ​ ​ $ ​ ​ ​ ​ $ ​ ​ ​ ​ $ ​ ​ ​ ​ (1) See the section titled “ Underwriters ” for a description of the compensation payable to the underwriters. ​ We have granted the underwriters an option for a period of 30 days to purchase up to an additional shares of our common stock solely to cover over-allotments, if any. Neither the Securities and Exchange Commission nor any other regulatory body has approved or disapproved of these securities or passed upon the accuracy or adequacy of this prospectus. Any representation to the contrary is a criminal offense. The underwriters expect to deliver the shares of common stock to purchasers on , 2024. ​ ​ MORGAN STANLEY ​ ​ JEFFERIES ​ ​ CITIGROUP ​ ​ GUGGENHEIM SECURITIES ​ , 2024 TABLE OF CONTENTS ​ ​ TABLE OF CONTENTS ​ ​ ​ Page ​ PROSPECTUS SUMMARY ​ ​ ​ ​ 1 ​ ​ THE OFFERING ​ ​ ​ ​ 10 ​ ​ SUMMARY CONSOLIDATED FINANCIAL DATA ​ ​ ​ ​ 12 ​ ​ RISK FACTORS ​ ​ ​ ​ 14 ​ ​ SPECIAL NOTE REGARDING FORWARD-LOOKING STATEMENTS ​ ​ ​ ​ 72 ​ ​ MARKET AND INDUSTRY DATA ​ ​ ​ ​ 74 ​ ​"
IBO,2024-09-16,-13.805974431387272,-52.61194219061298,-25.37313618726889,MISS,"” in this Prospectus. Q: Are there any conditions to completing the Distribution? A: Yes. The Distribution is conditional upon a number of matters, including but not limited to the authorization and approval of the DSS Board (which has been obtained) and the declaration of effectiveness of our Registration Statement on Form S-1, of which this Prospectus is a part, by the Securities and Exchange Commission. See “Summary—Summary of the Distribution— Conditions to the Distribution” for a more detailed explanation of the conditions to completing the Distribution. Q: Can DSS decide to not proceed with the Distribution even if all of the conditions to the Distribution have been met? A: Yes. Until the Distribution has occurred, the DSS Board has the right to not proceed with the Distribution, even if all of the conditions are satisfied. Q: Could there be any other classes of capital stock of the Company outstanding after the Distribution? A: No. After giving effect to the Distribution, the only class of our capital stock then outstanding is expected to be our Common Stock. v Table of Contents Q: Where can I get more information? A: If you have any questions relating to the mechanics of the Distribution, you should contact the distribution agent, V Stock Transfer LLC , at: V Stock Transfer LLC 18 Lafayette Place Woodmere, NY 11598 +1 212-828-8435 info@vstocktransfer.com www.vstocktransfer.com vi Table of Contents SUMMARY This summary highlights certain information contained elsewhere in this Prospectus and may not contain all of the information that is important to you. To understand fully and for a more complete description of the terms and conditions of the Distribution, you should read this Prospectus in its entirety, including the information presented under the section titled “Risk Factors” and the consolidated financial statements and related notes, and the documents to which you are referred. See “Where You Can Find More Information.” Except where the context otherwise requires, or where otherwise indicated, references to the “Company,” “we,” “us,” or “our” are to are to Impact BioMedical, Inc. and its subsidiaries. Introduction Currently, we are a holding Company operating mainly through our majority owned subsidiary, Global BioLife, Inc., which was incorporated on April 14, 2017. The Company is committed to both funding research and developing intellectual property portfolio. We currently focus on research in three main areas: (i) development of a universal therapeutic drug platform; (ii) a new sugar substitute; and (iii) a multi-use fragrance."
KAPA,2024-09-16,-28.461535287326495,-49.038457835214246,-44.61538038310199,MISS,"beginning on page 10 of this prospectus prior to making a decision to invest in our common stock. Neither the Securities and Exchange Commission nor any other regulatory body has approved or disapproved of these securities or passed upon the accuracy or adequacy of this prospectus. Any representation to the contrary is a criminal offense. Per Share Total Initial public offering price $ $ Underwriting discounts and commissions(1) $ $ Proceeds to us, before expenses $ $ (1) We have agreed to pay the underwriters a cash fee equal to 7.0% of the aggregate gross proceeds from the sale of the common stock. The underwriters will also be entitled to warrants to purchase up to 7.0% of the aggregate number of shares of our common stock sold in this offering and a 1% non-accountable expense allowance, which amount is not included above. We have also agreed to reimburse the underwriters for certain expenses incurred by them. See “Underwriting” beginning on page 131 of this prospectus for more information about the compensation payable to the underwriters. We have granted the underwriters an option for a period of 45 days to purchase up to an additional shares of common stock from us at the initial public offering price less underwriting discounts and commissions to cover over-allotments, if any. If the underwriters exercise the option in full, the total underwriting discounts and commissions payable by us will be $ , and the total proceeds to us, before expenses, will be $ . Delivery of the shares is expected to be made on or about , 2023. Boustead Securities, LLC Prospectus dated , 2023 TABLE OF CONTENTS Page About This Prospectus i Prospectus Summary 1 Risk Factors 10 Special Note Regarding Forward-looking Statements 69"
CAPN,2024-09-20,0.201009629618767,0.30150485976147023,,MISS,"” beginning on page 26 for a discussion of the information that should be considered in connection with an investment in our securities. Investors will not be entitled to protections normally afforded to investors under Rule 419 blank check offerings. Neither the SEC nor any state securities commission has approved or disapproved of these securities or determined if this prospectus is truthful or complete. Any representation to the contrary is a criminal offense. Per Unit Total Public offering price $ 10.00 $ 60,000,000 Underwriting discounts and commissions (1) $ 0.55 $ 3,300,000 Proceeds, before expenses, to Cayson Acquisition Corp $ 9.45 $ 56,700,000 (1) Includes $0.35 per unit, or up to $2,100,000 in the aggregate, or up to $2,415,000 if the over-allotment option is exercised in full, payable to EarlyBirdCapital, Inc. for deferred underwriting commissions which will be placed in a trust account located in the United States as described herein. We may elect to pay up to $0.15 of the $0.35 per unit in our securities. If we make such election, then we will make such payment through the issuance of a convertible promissory note that will be payable six months after the consummation of a"
BIOA,2024-09-26,21.245228893822137,32.00437346408169,12.61606466776663,HIT,"” beginning on page 17. Per Share Total Initial public offering price $ $ Underwriting discounts and commissions (1) $ $ Proceeds, before expenses, to us $ $ (1) See the section titled “Underwriting” for additional disclosure regarding the estimated underwriting discounts and commissions and estimated offering expenses. We have granted the underwriters an option for a period of 30 days to purchase up to additional shares of common stock at the initial public offering price, less the underwriting discounts and commissions. The underwriters expect to deliver the shares against payment in New York, New York on , 2024. Neither the Securities and Exchange Commission nor any state securities commission has approved or disapproved of these securities or passed upon the accuracy or adequacy of this prospectus. Any representation to the contrary is a criminal offense. Goldman Sachs & Co. LLC Morgan Stanley Jefferies Citigroup , 2024 Table of Contents TABLE OF CONTENTS Page Prospectus Summary 1 Risk Factors 17 Special Note Regarding Forward Looking Statements 77 Market and Industry Data 79"
BKV,2024-09-26,0.05555682712131076,1.72221925523546,7.1666717529296875,HIT,"” beginning on page 37 of this prospectus. ​ ​ ​ ​ Per Share ​ ​ Total ​ Public offering price ​ ​ ​ $ ​ ​ ​ ​ $ ​ ​ Underwriting discount and commissions(1) ​ ​ ​ $ ​ ​ ​ ​ $ ​ ​ Proceeds to us before expenses ​ ​ ​ $ ​ ​ ​ ​ $ ​ ​ ​ ​ (1) The underwriters will also be reimbursed for certain expenses incurred in this offering. See “ Underwriting ” for additional information regarding underwriting compensation. ​ Neither the Securities and Exchange Commission nor any securities commission has approved or disapproved of these securities or determined if this prospectus is truthful or complete. Any representation to the contrary is a criminal offense. The underwriters expect to deliver the shares of our common stock on or about , 2022. ​ Joint Book-Running Managers ​ Credit Suisse ​ ​ ​ BofA Securities ​ ​ ​ Barclays ​ ​ Citigroup ​ ​ ​ Evercore ISI ​ ​ ​ Jefferies ​ Co-Managers ​ TPH&Co. ​ ​ ​ Susquehanna Financial Group, LLLP ​ ​ ​ SMBC Nikko ​ The date of this prospectus is , 2022. TABLE OF CONTENTS TABLE OF CONTENTS ​ TABLE OF CONTENTS ​ ​ ​ Page ​ PROSPECTUS SUMMARY ​ ​ ​ ​ 1 ​ ​ RISK FACTORS ​ ​ ​ ​ 37 ​ ​ CAUTIONARY STATEMENT REGARDING FORWARD-LOOKING STATEMENTS ​ ​ ​ ​ 89 ​ ​"
GRDN,2024-09-26,8.124995231628418,12.125003337860107,31.25,HIT,"” section beginning on page 24 of this prospectus. Per Share Total Public offering price $ $ Underwriting discount $ $ Proceeds, before expenses, to us $ $ At our request, the underwriters have reserved up to 10% of the shares of Class A common stock being offered by this prospectus for sale at the initial public offering price to our directors, officers and certain of our employees. See “Underwriting—Directed Share Program.” The underwriters may also exercise their option to purchase up to an additional shares of Class A common stock from us, at the public offering price, less the underwriting discount, for 30 days after the date of this prospectus. Neither the Securities and Exchange Commission nor any state securities commission has approved or disapproved of these securities or determined if this prospectus is truthful or complete. Any representation to the contrary is a criminal offense. The shares will be ready for delivery on or about , 2023. Raymond James Stephens Inc. Truist Securities The date of this prospectus is , 2023 Table of Contents Index to Financial Statements Table of Contents Index to Financial Statements TABLE OF CONTENTS About this Prospectus ii Letter from Our CEO iv Prospectus Summary 1 Risk Factors 24 Special Note Regarding Forward-Looking Statements 45 Corporate Reorganization 47"
LGCY,2024-09-26,26.119407853650372,44.776124360080374,40.54726672076357,HIT,"” beginning on page 10 of this prospectus for a discussion of the information that you should consider in connection with an investment in our common stock. Neither the Securities and Exchange Commission nor any other state securities commission has approved or disapproved of these securities or passed upon the accuracy or adequacy of this prospectus. Any representation to the contrary is a criminal offense. Per Share Total Initial public offering price $ $ Underwriting discounts and commissions (1) $ $ Proceeds to us, before expenses $ $ (1) The registration statement, of which this prospectus is a part, also registers for sale warrants to purchase shares of common stock to be issued to the representative of the underwriters. We have agreed to issue the warrants to the representative of the underwriters as a portion of the underwriting compensation payable to the underwriters in connection with this offering. See “Underwriting” beginning on page 110 of this prospectus for additional information regarding total underwriting compensation. We have granted the underwriters a 30-day option to purchase up to an additional shares of common stock at the initial public offering price per share, less underwriting discounts and commissions to cover allotments, if any. The underwriters expect to deliver our shares against payment on or about , 2024. Sole Bookrunner Northland Capital Markets The date of this prospectus is , 2024. TABLE OF CONTENTS Page ABOUT THIS PROSPECTUS 1 PROSPECTUS SUMMARY 2 SUMMARY FINANCIAL DATA 8 RISK FACTORS 10 CAUTIONARY STATEMENT REGARDING FORWARD-LOOKING STATEMENTS 42"
SARO,2024-10-02,-6.106870229007633,-4.824427247957419,-11.236642153208493,MISS,"” beginning on page 20 to read about factors you should consider before buying shares of our common stock. Per Share Total Public offering price $ $ Underwriting discount (1) $ $ Proceeds, before expenses, to us $ $ (1) See “Underwriting (Conflicts of Interest)” for a description of the compensation payable to the underwriters. This is a firm commitment underwritten offering. The underwriters may also exercise their option to purchase up to an additional shares from us, at the public offering price, less the underwriting discount, for 30 days after the date of this prospectus to cover sales of additional shares by the underwriters. Neither the Securities and Exchange Commission nor any state securities commission has approved or disapproved of these securities or determined if this prospectus is truthful or complete. Any representation to the contrary is a criminal offense. Delivery of the shares of common stock will be made on or about , 2024. Joint Bookrunning Managers J.P. Morgan* Morgan Stanley* * listed in alphabetical order BofA Securities UBS Investment Bank Jefferies RBC Capital Markets Carlyle CIBC Capital Markets HSBC Mizuho Wolfe | Nomura Alliance SOCIETE GENERALE Co-Managers Citizens JMP Macquarie Capital Santander Amerivet Securities Drexel Hamilton The date of this prospectus is , 2024. Table of Contents Table of Contents TABLE OF CONTENTS Page BASIS OF PRESENTATION ii MARKET AND INDUSTRY DATA iv TRADEMARKS iv NON-GAAP FINANCIAL MEASURES v PROSPECTUS SUMMARY 1 RISK FACTORS 20 CAUTIONARY NOTE REGARDING FORWARD-LOOKING STATEMENTS 59"
CBNA,2024-10-04,-0.2358544462724201,-0.7075543418900708,13.113201317222115,HIT,"” beginning on page 27 of this prospectus for a discussion of certain risks you should consider before deciding to invest in our Class A common stock. Neither the Securities and Exchange Commission, any state securities commission, the Federal Deposit Insurance Corporation, the Board of Governors of the Federal Reserve System nor any other regulatory body has approved or disapproved of these securities or passed upon the accuracy or adequacy of this prospectus. Any representation to the contrary is a criminal offense. Per Share Total Initial public offering price $ $ Underwriting discount and commissions (1) $ $ Proceeds, before expenses, to us $ $ (1) We have agreed to reimburse the underwriters for certain expenses in connection with this offering. See “Underwriting.” At our request, the underwriters have reserved up to 5% of the shares of Class A common stock offered by this prospectus for sale at the initial public offering price through a directed share program to our directors, executive officers and employees. See “Underwriting — Directed Share Program.” We have granted the underwriters an option to purchase up to an additional shares of our Class A common stock at the public offering price, less the underwriting discount, within 30 days from the date of this prospectus. The underwriters expect to deliver the shares of Class A common stock against payment on or about , 2024. Piper Sandler Raymond James Hovde Group The date of this prospectus is , 2024. Table of Contents Table of Contents TABLE OF CONTENTS Page Prospectus Summary 1 Risk Factors 27 Cautionary Note Regarding Forward-Looking Statements 66"
KLC,2024-10-09,8.495986574834603,8.649063534128073,-12.743972562792685,HIT,"Investing in our common stock involves a high degree of risk. See “Risk Factors” beginning on page 23 of this prospectus for a discussion of factors you should carefully consider before investing in our common stock. The number of shares of common stock to be outstanding after this offering excludes: • shares of common stock reserved for future issuance under our 2021 Incentive Award Plan (the “2021 Plan”), which will become effective once the registration statement of which this prospectus forms a part is declared effective, as well as any shares of common stock that become available pursuant to provisions in the 2021 Plan that automatically increase the share reserve under the 2021 Plan; and • shares of common stock reserved for future issuance under our 2021 Employee Stock Purchase Plan (the “ESPP”), which will become effective once the registration statement of which this prospectus forms a part is declared effective, as well as any shares of common stock that become available pursuant to provisions in the ESPP that automatically increase the share reserve under the ESPP. Unless otherwise indicated, all information contained in this prospectus: • assumes an initial public offering price of $ per share, which is the midpoint of the price range set forth on the cover page of this prospectus; • assumes the underwriters’ option to purchase additional shares will not be exercised; and • assumes the Reorganization has been consummated prior to the closing of this offering. 17 Table of Contents SUMMARY CONSOLIDATED FINANCIAL AND OPERATING DATA We present below our summary consolidated statements of operations and of cash flow data for the six months ended July 3, 2021 and June 27, 2020 and for the fiscal years ended January 2, 2021, December 28, 2019 and December 29, 2018, and our consolidated balance sheet data as of July 3, 2021, January 2, 2021 and December 28, 2019. We have derived this information from our audited annual consolidated financial statements and unaudited interim condensed consolidated financial statements included elsewhere in this prospectus. In our opinion, the unaudited interim condensed consolidated financial statements have been prepared on a basis consistent with our audited annual consolidated financial statements and contain all adjustments, consisting only of normal and recurring adjustments, necessary for a fair statement of such financial statements. Per share data has been omitted from this filing as the membership interests for KC Holdco, LLC are uncertificated and there is no set number of units. The historical results presented below are not necessarily indicative of the results to be expected for any future period. You should read the summary consolidated financial and operating data presented below in conjunction with “"
CAMP,2024-10-11,1.6790983863599667,-0.8395536412876915,-49.533584770035056,MISS,"” beginning on page 15 to read about factors you should consider before buying shares of our common stock. Neither the Securities and Exchange Commission nor any state securities commission has approved or disapproved of these securities, or passed upon the accuracy or adequacy of this prospectus. Any representation to the contrary is a criminal offense. ​ ​ ​ ​ Per share ​ ​ Total ​ Initial public offering price ​ ​ ​ $ ​ ​ ​ ​ $ ​ ​ Underwriting discounts and commissions(1) ​ ​ ​ $ ​ ​ ​ ​ ​ $ ​ ​ ​ Proceeds before expenses, to us ​ ​ ​ $ ​ ​ ​ ​ ​ $ ​ ​ ​ ​ (1) See the section titled “Underwriting” for additional information regarding underwriting compensation. ​ We have granted the underwriters an option for a period of 30 days to purchase up to additional shares of common stock from us at the public offering price less the underwriting discount. The underwriters expect to deliver the shares against payment on or about , 2024. ​ J.P. Morgan ​ ​ Leerink Partners ​ ​ Piper Sandler ​ ​ William Blair ​ ​ , 2024 TABLE OF CONTENTS ​ T ABLE OF CONTENTS ​ ​ ​ Page ​ Prospectus summary ​ ​ ​ ​ 1 ​ ​ The offering ​ ​ ​ ​ 11 ​ ​ Summary consolidated financial data ​ ​ ​ ​ 13 ​ ​ Risk factors ​ ​ ​ ​ 15 ​ ​ Special Note Regarding Forward-Looking Statements ​ ​ ​ ​ 82 ​ ​ Market and industry data ​ ​ ​ ​ 84 ​ ​"
CBLL,2024-10-11,5.400001525878906,5.160003662109375,5.239997863769531,HIT,"’’ section beginning on page 12 of this prospectus. ﻿ Per Share Total Public offering price $ — $ — Underwriting discount (1) $ — $ — Proceeds, before expenses, to us $ — $ — (1) See the section titled “Underwriting” beginning on page 171 for additional information regarding compensation payable to the underwriters. The underwriters may also exercise their option to purchase up to an additional shares from us, at the public offering price, less the underwriting discount, for 30 days after the date of this prospectus. Neither the Securities and Exchange Commission nor any state securities commission has approved or disapproved of these securities or determined if this prospectus is truthful or complete . Any representation to the contrary is a criminal offense. The shares will be ready for delivery on or about , 2024. Joint Book-Running Managers BofA Securities J.P. Morgan Co-Managers William Blair TD Cowen Canaccord Genuity The date of this prospectus is , 2024. TABLE OF CONTENTS Prospectus Page Page Prospectus Summary 1 Executive and Director Compensation 141 The Offering 8"
UPB,2024-10-11,13.863632895729758,12.727269259366123,-17.318179390647195,HIT,"You should carefully read the “Risk factors” section of this prospectus for a discussion of factors that you should consider before deciding to invest in our common stock. 11 Table of Contents Proposed Nasdaq Global Market symbol “UPB” The number of shares of our common stock to be outstanding after this offering is based on 34,644,151 shares of common stock outstanding as of June 30, 2024, after giving effect to the automatic conversion of all outstanding shares of our redeemable convertible preferred stock as of June 30, 2024 into the aggregate of 31,764,693 shares of common stock immediately prior to the completion of this offering, and excludes: • 5,933,528 shares of common stock issuable upon the exercise of outstanding stock options as of June 30, 2024 under our 2021 Stock Option and Grant Plan (“2021 Plan”), with a weighted-average exercise price of $5.19 per share; • 70,570 shares of common stock reserved for future issuance as of June 30, 2024 under the 2021 Plan, which will cease to be available for issuance at the time that our 2024 Stock Option and Incentive Plan (“2024 Plan”) becomes effective (which includes options to purchase an aggregate of 34,000 shares of our common stock, at a weighted-average exercise price of $11.14 per share, that were granted subsequent to June 30, 2024); • shares of our common stock reserved for future issuance under our 2024 Plan, which will become effective on the date immediately prior to the effectiveness of the registration statement of which this prospectus forms a part, as well as any automatic increases in the number of shares of common stock reserved for future issuance under the 2024 Plan and any shares underlying outstanding stock awards granted under the 2021 Plan that expire or are repurchased, forfeited, cancelled, or withheld; and • shares of common stock reserved for future issuance under our 2024 Employee Stock Purchase Plan (“ESPP”), which will become effective on the date immediately prior to the effectiveness of the registration statement of which this prospectus forms a part, as well as any automatic increases in the number of shares of common stock reserved for future issuance under the ESPP. Unless otherwise indicated, all information in this prospectus reflects or assumes the following: • the automatic conversion of all 31,764,693 outstanding shares of our Series A and Series B redeemable convertible preferred stock in the aggregate into the equivalent number of shares of common stock immediately prior to the completion of this offering; • no exercise of the outstanding options described above; • no exercise by the underwriters of their option to purchase up to additional shares of common stock in this offering; • a one-for- reverse stock split of our common stock, which was effected on , 2024 and a corresponding adjustment to the ratio at which our redeemable convertible preferred stock will convert into common stock; and • the filing and effectiveness of our third amended and restated certificate of incorporation to be in effect immediately prior to the completion of this offering and second amended and restated bylaws to be in effect upon effectiveness of the registration statement of which this prospectus forms a part. 12 Table of Contents Summary consolidated financial data The following table sets forth our summary consolidated statements of operations for the years ended December 31, 2023 and 2022 and for the six months ended June 30, 2024 and 2023 and our summary condensed consolidated balance sheet data as of June 30, 2024. The summary consolidated statements of operations data for the years ended December 31, 2023 and 2022 have been derived from our audited consolidated financial statements included elsewhere in this prospectus. The summary condensed consolidated statements of operations data for the six months ended June 30, 2024 and 2023 and summary condensed consolidated balance sheet data as of June 30, 2024 have been derived from our unaudited condensed consolidated financial statements included elsewhere in this prospectus. Our historical results are not necessarily indicative of the results that should be expected in any future periods, and our interim results are not necessarily indicative of the results that may be expected for the full year or any other period. Our unaudited interim financial statements were prepared on the same basis as our audited financial statements and include, in the opinion of"
ROLR,2024-10-23,-15.91784052875916,-22.978176773023186,-27.21437607112378,MISS,"” beginning on page 8. Neither the Securities and Exchange Commission nor any state securities commission has approved or disapproved of these securities or determined if this prospectus is truthful or complete. Any representation to the contrary is a criminal offense. Per Share Total Initial public offering price $ $ Underwriting discounts and commissions (1) $ $ Proceeds to us, before expenses $ $ (1) Underwriting discounts and commissions do not include a non-accountable expense allowance equal to 1.0% of the initial public offering price payable to the underwriters. We refer you to “Underwriting” beginning on page __ for additional information regarding underwriters’ compensation. We have granted a 45-day option to the representative of the underwriters to purchase up to additional shares of our common stock, solely to cover over-allotments, if any. The underwriters expect to deliver the shares to purchasers on or about , 2024. ThinkEquity The date of this prospectus is , 2024 TABLE OF CONTENTS Prospectus Summary 1 Summary of The Offering 6 Summary of Consolidated Financial Data 7 Risk Factors 8 Special Note Regarding Forward-Looking Statements 37"
CHAR,2024-10-24,0.2020248336801561,0.40404003428603796,,MISS,"” beginning on page 36 for a discussion of information that should be considered in connection with an investment in our securities. Investors will not be entitled to protections normally afforded to investors in Rule 419 blank check offerings. Neither the U.S. Securities and Exchange Commission (the “SEC”) nor any state securities commission has approved or disapproved of these securities or determined if this prospectus is truthful or complete. Any representation to the contrary is a criminal offense. Table of Contents No offer or invitation to subscribe for units may be made to the public in the Cayman Islands. Price to Public Underwriting Discounts and Commissions (1) Proceeds, before Expenses, to us Per Unit $ 10.00 $ 0.35 $ 9.65 Total $ 75,000,000 $ 2,625,000 $ 72,375,000 ____________ (1) Includes $0.15 per unit sold in the base offering, or $1,125,000 in the aggregate (or up to $1,293,750 if the over -allotment option is exercised in full), is payable upon the closing of this offering. Also includes $0.20 per unit sold in the base offering, or $1,500,000 in the aggregate, (or up to $1,725,000 if the over -allotment option is exercised in full) payable to the underwriters in this offering, for deferred underwriting commissions to be placed in a trust account located in the United States and released to the underwriters only upon the completion of an initial"
INGM,2024-10-24,-4.14634325994564,-2.4390259031121184,-6.910572099909401,MISS,"beginning on page [34] to read about factors you should consider before buying shares of our Common Stock. Neither the Securities and Exchange Commission nor any state securities commission has approved or disapproved of these securities or passed upon the adequacy or accuracy of this prospectus. Any representation to the contrary is a criminal offense. Per Share Total(1) Initial public offering price $$ Underwriting discounts and commissions(2)$$Proceeds, before expenses, to us $ $ (1) Assumes no exercise of the underwriters option to purchase additional shares of Common Stock from the selling stockholder as described below.(2) Please see the section entitled Underwriting for a description of compensation payable to the underwriters. The selling stockholder identified in this prospectus has granted the underwriters an option to purchase up to additional shares of Common Stock, at the initial public offering price, less the underwriting discount, for 30 days from the date of this prospectus. We will not receive any of the proceeds from the sale of shares by the selling stockholder upon such exercise. The underwriters expect to deliver the shares of our Common Stock to our investors on or about,. Morgan Stanley Goldman Sachs & Co. LLC J.P. Morgan The date of this prospectus is , 2022. Table of Contents Table of Contents Table of Contents Table of Contents TABLE OF CONTENTS ABOUT THIS PROSPECTUS ii INDUSTRY AND MARKET DATA ii TRADEMARKS, SERVICE MARKS AND TRADE NAMES ii BASIS OF PRESENTATION iii GLOSSARY vi SUMMARY 1 RISK FACTORS 36 LETTER FROM OUR CHIEF EXECUTIVE OFFICER 77 CAUTIONARY NOTE REGARDING FORWARD-LOOKING STATEMENTS 79"
SEPN,2024-10-25,7.242996131023445,4.5794371948854895,7.523367472200617,HIT,"Investing in our common stock involves a high degree of risk. You should read the section titled “Risk Factors” and other information included in this prospectus before investing in our common stock. Proposed Nasdaq trading symbol “SEPN” The number of shares of our common stock to be outstanding after this offering is based on 27,235,063 shares of our common stock (which includes 6,755,322 shares of unvested restricted common stock subject to repurchase or forfeiture) outstanding as of June 30, 2024, and assumes the automatic conversion of all outstanding shares of our convertible preferred stock into an aggregate of 196,657,452 shares of our common stock immediately prior to the completion of this offering, and excludes: • 15,466,990 shares of our common stock issuable upon the exercise of stock options outstanding as of June 30, 2024 under our 2021 Stock Option and Grant Plan, as amended from time to time (2021 Plan), with a weighted-average exercise price of $0.31 per share; 9 Table of Contents • 10,692,500 shares of our common stock issuable upon the exercise of stock options granted after June 30, 2024 pursuant to the 2021 Plan, with a weighted-average exercise price of $0.79 per share; • shares of our common stock that will become available for future issuance under our 2024 Stock Option and Incentive Plan (2024 Plan), which will become effective on the date immediately prior to the effectiveness of the registration statement of which this prospectus forms a part, as well as any automatic increases in the number of shares of our common stock reserved for future issuance under the 2024 Plan and any shares underlying outstanding stock awards granted under the 2021 Plan that expire or are repurchased, forfeited, cancelled, or withheld; and • shares of our common stock reserved for future issuance under our 2024 Employee Stock Purchase Plan (ESPP), which will become effective on the date immediately prior to the effectiveness of the registration statement of which this prospectus forms a part, as well as any automatic increases in the number of shares of our common stock reserved for future issuance under the ESPP. Unless otherwise indicated, all information in this prospectus reflects or assumes the following: • a one-for- reverse stock split of our capital stock, which we effected on , 2024; • the automatic conversion of all outstanding shares of our convertible preferred stock as of June 30, 2024 into an aggregate of 196,657,452 shares of our common stock immediately prior to the completion of this offering; • 6,755,322 shares of unvested restricted common stock subject to repurchase or forfeiture as of June 30, 2024; • no exercise of the outstanding stock options and restricted common stock described above; • no exercise by the underwriters of their option to purchase up to an additional shares of our common stock in this offering; and • the filing and effectiveness of our amended and restated certificate of incorporation immediately prior to the completion of this offering and the effectiveness of our amended and restated bylaws upon the effectiveness of the registration statement of which this prospectus forms a part. 10 Table of Contents Summary Financial Data The following tables summarize our financial data for Septerna, Inc. You should read the following summary financial data together with the section titled “"
IPST,2024-11-22,-11.470588235294118,-11.76470588235294,-53.529411764705884,MISS,"” beginning on page 13 of this prospectus. Neither the Securities and Exchange Commission nor any state securities commission has approved or disapproved of these securities or passed upon the adequacy or accuracy of this prospectus. Any representation to the contrary is a criminal offense. Per Share Total Public offering price $ $ Underwriting discounts and commissions (1) $ $ Proceeds to us, before expenses $ $ ____________ (1) Does not include warrants that are issuable by us to the representative of the underwriters to purchase a number of shares of common stock equal to 5% of the shares of common stock sold in this offering at a price per share equal to 100% of the initial public offering price or certain out -of -pocket expenses of the underwriters that are reimbursable by us. The registration statement of which this prospectus forms a part also registers the issuance of the shares of common stock issuable upon exercise of the representative’s warrants. See “Underwriting” beginning on page 117 of this prospectus for a description of the compensation payable to the underwriters. W e have granted the representative of the underwriters an option, exercisable within 30 days from the date of this prospectus, to purchase from us, up to an additional 300,000 shares of common stock at the public offering price of $ per share, less the underwriting discounts and commissions, to cover over -allotments , if any. If the representative of the underwriters exercises the option in full, the total underwriting discounts and commissions payable will be $ , and the total proceeds to us, before expenses, will be $ . Delivery of the shares of common stock is expected to be made on or about , 2024. Newbridge Securities Corporation The date of this prospectus is , 2024 Table of Contents Table of Contents TABLE OF CONTENTS Page Prospectus Summary 1 Summary Financial Data 11 Risk Factors 13 Cautionary Note Regarding Forward-Looking Statements 48"
FACT,2024-11-26,0.10121689034415383,0.20242412811436677,,MISS,"” beginning on page 39. Investors will not be entitled to protections normally afforded to investors in Rule 419 blank check offerings. Price to Public Underwriting Discounts and Commissions (1) Proceeds, Before Expenses, to Us Per Unit $ 10.00 $ 0.60 $ 9.40 Total $ 175,000,000 $ 10,500,000 $ 164,500,000 ____________ (1) Including (A) $0.20 per unit sold in the offering, or $3,500,000 in the aggregate (or $4,025,000 if the overallotment option is exercised in full), is payable upon the closing of this offering, of which (i) $0.10 per unit, other than any units sold in connection with the over -allotment option, will be paid to the underwriter in cash, and (ii) $0.10 per unit, or $0.20 per unit sold in connection with the over -allotment option, will be used by the underwriter to purchase private placement units; and (B) up to $0.40 per unit sold in the offering, or up to $7,000,000 in the aggregate (or up to $8,050,000 if the overallotment option is exercised in full) is payable to the underwriter in this offering based on the percentage of funds remaining in the trust account after redemptions of public shares, for deferred underwriting commissions to be placed in a trust account located in the United States and released to the underwriter only upon the completion of an initial"
VENU,2024-11-27,-0.19762356043001666,-13.142291884844012,-11.067192670202362,MISS,"” section beginning on page 12. Neither the Securities and Exchange Commission nor any state securities commission has approved or disapproved of these securities or determined if this prospectus is truthful or complete. Any representation to the contrary is a criminal offense. Per Share Total Initial public offering price $ $ Underwriting discounts and commissions (1) $ $ Proceeds to us, before expenses $ $ (1) We refer you to “Underwriting” beginning on page 103 for additional information regarding underwriters’ compensation. We have granted a 45-day option to the representative of the underwriters to purchase up to an additional shares of Class D Common Stock, solely for the purpose of covering over-allotments, if any. The underwriters expect to deliver the shares of Class D Common Stock to purchasers on or about , 2024 through the book-entry facilities of The Depository Trust Company. ThinkEquity The date of this prospectus is , 2024. Notes Live, Inc. TABLE OF CONTENTS Page PROSPECTUS SUMMARY 2 RISK FACTORS 12 CAUTIONARY NOTE REGARDING FORWARD-LOOKING STATEMENTS 36"
JUNS,2024-12-03,179.9635797148427,99.45355675369943,-19.85427543157673,HIT,"” on page 15 of this prospectus for a discussion of information that should be considered in connection with an investment in our securities. Neither the Securities and Exchange Commission nor any state securities commission has approved or disapproved of these securities or passed upon the adequacy or accuracy of this prospectus. Any representation to the contrary is a criminal offense. Per Unit Total Public offering price (1) $ [●] $ [●] Underwriting discounts and commissions (2) $ [●] $ [●] Proceeds, before expenses, to us (3) $ [●] $ [●] (1) The public offering price and underwriting discount and commissions in respect of each unit correspond to a public offering price per share of common stock of $[●] and a public offering price per accompanying warrant of $[●]. (2) This table depicts broker-dealer commissions of 8.00% of the gross offering proceeds. See “Underwriting” beginning on page 151 for disclosure regarding compensation payable to the underwriters by us. (3) We estimate the total expenses of this offering will be approximately $418,066. Assumes no exercise of the over-allotment option we have granted to the Underwriter as described below. We have granted to Dawson James Securities, Inc., as representative of the underwriters, an option for a period of 45 days from the date of this prospectus to purchase up to an additional [●] shares of common stock and/or warrants to purchase [●] shares of common stock at the public offering price less the underwriting discount and commissions solely to cover over-allotments, if any. The underwriters expect to deliver our securities to purchasers in the offering on or about , 2021. Dawson James Securities, Inc. The date of this prospectus is , 2021 TABLE OF CONTENTS Page SPECIAL NOTE REGARDING FORWARD-LOOKING STATEMENTS 3 MARKET, INDUSTRY AND OTHER DATA 5 TRADEMARKS AND COPYRIGHTS 5 PROSPECTUS SUMMARY 6 RISK FACTORS 15"
TAVI,2024-12-04,0.0,0.20182096944123346,,MISS,"” and our financial statements and the related notes included elsewhere in this prospectus, before investing. Unless otherwise stated in this prospectus, or the context otherwise requires, references to: • “amended and restated memorandum and articles of association” are to our memorandum and articles of association to be in effect upon completion of this offering; • “Companies Act” are to the Companies Act (Revised) of the Cayman Islands as the same may be amended from time to time; • “company,” “our company” “we,” “us” or “our” are to Tavia Acquisition Corp, a Cayman Islands exempted company; • “convertible preferred shares” are to our preference shares, par value $0.0001 per share, that are being issued in this offering; • “EBC founder shares” or “EBC Founder Shares” are to 200,000 ordinary shares that we issued to EarlyBirdCapital, Inc. for an aggregate purchase price of $994 in a private placement prior to this offering (for the avoidance of doubt, such ordinary shares will not be “public shares”); • “ equity -linked securities” are to any securities of our company which are convertible into or exchangeable or exercisable for, ordinary shares of our company, including but not limited to equity or debt securities issued in a private placement; • “founder shares” are to 5,031,250 ordinary shares that we have issued to our sponsor for a purchase price of $25,000 in a private placement prior to this offering (for the avoidance of doubt, such ordinary shares will not be “public shares”); • “ initial shareholders ” are to our sponsor and the other holders of our founder shares prior to this offering, if any, but excluding the holders of the EBC founder shares; • “"
ZSPC,2024-12-05,-49.09090909090909,-36.81818181818181,-41.40909090909091,MISS,"” beginning on page 16 of this prospectus for a discussion of some of the risks you should consider before investing. ​ ​ ​ Per Share ​ ​ Total ​ Public offering price ​ ​ ​ $ ​ ​ ​ ​ $ ​ ​ Underwriting discounts and commissions (1) ​ ​ ​ $ ​ ​ ​ ​ $ ​ ​ Proceeds, before expenses, to us ​ ​ ​ $ ​ ​ ​ ​ $ ​ ​ ​ ​ (1) The underwriters will receive compensation in addition to the underwriting discounts and commissions. See “ Underwriting .” ​ We have granted the underwriters an option, which is exercisable for up to 30 days after the date of this prospectus, to purchase up to additional shares of common stock from us at the public offering price, less the underwriting discounts and commissions, to cover over-allotments of shares, if any. Neither the Securities and Exchange Commission nor any other regulatory body has approved or disapproved of these securities or passed upon the accuracy or adequacy of this prospectus. Any representation to the contrary is a criminal offense. The underwriters expect to deliver the shares of our common stock to purchasers against payment on or about , 2024. ​ Joint Book-Running Managers Roth Capital Partners Craig-Hallum Capital Group Co-Manager Barrington Research Prospectus dated , 2024 TABLE OF CONTENTS ​ TABLE OF CONTENTS ​ PROSPECTUS SUMMARY ​ ​ ​ ​ 1 ​ ​ ​ RISK FACTORS ​ ​ ​ ​ 16 ​ ​ ​ CAUTIONARY NOTE REGARDING FORWARD-LOOKING STATEMENTS ​ ​ ​ ​ 48 ​ ​ ​"
TTAN,2024-12-12,2.3663360293548883,4.74257516388846,-0.9900990099009901,MISS,"” beginning on page 30 to read about factors you should consider before buying shares of our Class A common stock. Neither the Securities and Exchange Commission nor any other regulatory body has approved or disapproved of these securities or passed upon the accuracy or adequacy of this prospectus. Any representation to the contrary is a criminal offense. Per Share Total Initial public offering price $ $ Underwriting discount (1) $ $ Proceeds, before expenses, to ServiceTitan, Inc. $ $ (1) See the section titled “Underwriting” for a description of the compensation payable to the underwriters. To the extent that the underwriters sell more than shares of Class A common stock, the underwriters have the option to purchase up to an additional shares of Class A common stock from ServiceTitan, Inc. at the initial public offering price less the underwriting discount. At our request, the underwriters have reserved up to shares of our Class A common stock, or 5% of the shares offered in this offering, for sale at the initial public offering price through a directed share program to (i) eligible customers, (ii) friends and family members of our Co-Founders and (iii) certain other persons. See the section titled “Underwriting—Directed Share Program.” The underwriters expect to deliver the shares against payment in New York, New York, on or about . Goldman Sachs & Co. LLC Morgan Stanley Wells Fargo Securities Citigroup KeyBanc Capital Markets Truist Securities Canaccord Genuity Needham & Company Piper Sandler Stifel William Blair First Citizens Capital Securities Academy Securities Loop Capital Markets Prospectus dated , 2024 Table of Contents Table of Contents Compared to anyone else, I dont think theres even a close second in terms of what ServiceTitan can provide their customers. Ken Haines, CEO Wrench Group Before ServiceTitan, I had limited visibility into our operations. We had reached our capacity, which restricted how I managed the company and limited my ability to make critical decisions, ultimately hindering our growth opportunities. ServiceTitan has changed all of that. Carrie Kelsch, Owner A Plus Garage Doors ServiceTitan is essential to our scalability. We cant standardize things without this operating system being in place. To be the best, we believe weve got to partner with the best, and thats ServiceTitan. Lincoln Walpole, CFO Any Hour Services As we started to grow, ServiceTitan became a necessity. It wasnt a matter of if wed transition to ServiceTitan, it was just a matter of when. Chris Hoffmann, CEO Hoffmann Brothers I realized ServiceTitan is the only software that has all the facets that we need to handle both commercial service and commercial construction. Kirsta Holliman, CFO Interstate AC I dont know how you can make good decisions quickly without having everything rolled into one system. Allen Sweeney, Owner APHIX ServiceTitan Table of Contents Table of Contents $685M $628 >95% Revenue for the 12 months ended July 31, 2024Gross Transaction Volume 1 for the 12 months ended July 31, 2024Gross Dollar Retention 1 for each of the last 10 fiscal quarters2 24%23%>110% YoY Revenue Growth3 for the three months ended July 31, 2024YoY Gross Transaction Volume Growth 1 for the three months ended July 31, 2024Net Dollar Retention 1 for each of the last 10 fiscal quarters2 $(183M)77%72% Net Loss for the 12 months ended July 31, 2024Non-GAAP Platform Gross Margin 4 for the 12 months ended July 31, 2024Platform Gross Margin 4 for the 12 months ended July 31, 2024 1. For definitions of Gross Transaction Volume, or GTV, and how we calculate net dollar retention rate and gross dollar retention rate, see the sections titled """
AVR,2024-12-13,-1.4285700905079517,0.17857551878819328,6.785716444862169,HIT,"” beginning on page 12 of this prospectus to read about factors you should consider before buying shares of our Common Stock. Neither the Securities and Exchange Commission nor any state securities commission has approved or disapproved of these securities or passed upon the accuracy or adequacy of this prospectus. Any representation to the contrary is a criminal offense. ​ ​ ​ Per Share ​ ​ Total ​ Initial public offering price ​ ​ ​ $ ​ ​ ​ ​ $ ​ ​ Underwriting discounts and commissions (1) ​ ​ ​ $ ​ ​ ​ ​ $ ​ ​ Proceeds to us, before expenses ​ ​ ​ $ ​ ​ ​ ​ $ ​ ​ ​ ​ (1) See the section titled “ Underwriting ” for additional information regarding underwriting compensation. ​ We have granted the underwriters an option for a period of 30 days from the date of this prospectus to purchase up to an additional shares of Common Stock. If the underwriters exercise the option in full, the total underwriting discounts and commissions payable by us will be $ and the total proceeds to us, before expenses, will be $ . Delivery of the shares of Common Stock is expected to be made on or about , 2024. ​ Joint Book-Running Managers ​ TD Cowen ​ ​ Barclays ​ ​ Cantor ​ Lead Manager Lake Street ​ Prospectus dated , 2024. TABLE OF CONTENTS ​ TABLE OF CONTENTS ​ ​ ​ Page ​ BACKGROUND ​ ​ ​ ​ ii ​ ​ CAUTIONARY NOTE REGARDING INDUSTRY AND MARKET DATA ​ ​ ​ ​ iii ​ ​ CONVENTIONS WHICH APPLY IN THIS PROSPECTUS ​ ​ ​ ​ iii ​ ​ PROSPECTUS SUMMARY ​ ​ ​ ​ 1 ​ ​ THE OFFERING ​ ​ ​ ​ 8 ​ ​ SUMMARY CONSOLIDATED FINANCIAL DATA ​ ​ ​ ​ 10 ​ ​ RISK FACTORS ​ ​ ​ ​ 12 ​ ​ CAUTIONARY NOTE REGARDING FORWARD-LOOKING STATEMENTS ​ ​ ​ ​ 48 ​ ​"
RANG,2024-12-20,0.20140486882896866,0.20140486882896866,,MISS,"” beginning on page 35 for a discussion of the information that should be considered in connection with an investment in our securities. Investors will not be entitled to protections normally afforded to investors under Rule 419 blank check offerings. Table of Contents Neither the SEC nor any state securities commission has approved or disapproved of these securities or determined if this prospectus is truthful or complete. Any representation to the contrary is a criminal offense. Per Unit Total Public offering price $ 10.00 $ 100,000,000 Underwriting discounts and commissions (1) $ 0.20 $ 2,000,000 Proceeds, before expenses, to Range Capital Acquisition Corp. $ 9.80 $ 98,000,000 (1) The underwriters have received and will receive compensation in addition to the underwriting discount, including an aggregate of 266,667 ordinary shares, or “EBC founder shares.” See the section of this prospectus entitled “Underwriting” for a description of compensation and other items of value payable to the underwriters. The underwriters are offering the units for sale on a firm commitment basis. The underwriters expect to deliver the units to the purchasers on or about , 2024. Book-Running Manager EarlyBirdCapital, Inc. , 2024 (Prospectus cover continued from preceding page.) Of the proceeds we receive from this offering and the sale of the private units described in this prospectus, $100,500,000 or $115,575,000, if the underwriters’ over-allotment option is exercised in full ($10.05 per public share in either case), will be deposited into a U.S.-based trust account with Continental Stock Transfer & Trust Company, acting as trustee, approximately $2,750,000, or $3,050,000, if the underwriters’ over-allotment option is exercised in full, will be used to pay fees and expenses in connection with the closing of this offering, including underwriting discounts and commissions, and an estimated $750,000 will be available for working capital following this offering. Except with respect to interest earned on the funds held in the trust account that may be released to us to pay our tax obligations, if any, the proceeds from this offering and the sale of the private units that are deposited in the trust account will not be released from the trust account until the earliest to occur of (a) the completion of our initial"
HIT,2024-12-23,4.705887302807963,11.764704232397346,9.019608759779253,HIT,"” beginning on page 15. Neither the Securities and Exchange Commission (the “SEC”) nor any state securities commission has approved or disapproved of these securities or determined if this prospectus is truthful or complete. Any representation to the contrary is a criminal offense. Per Share Total Initial public offering price $ $ Underwriting discounts and commissions (1) $ $ Proceeds to us, before expenses $ $ ____________ (1) Represent underwriting discounts equal to 8% per Class A Common Stock. See “ Underwriting ” beginning on page 102 for additional information regarding underwriters’ compensation. We have granted a 30 -day option to the representative of the underwriters to purchase up to 345,000 additional shares of Class A Common Stock solely to cover over -allotments , if any. The underwriters expect to deliver the shares to purchasers on or about , 2024. The date of this prospectus is , 2024 Table of Contents Table of Contents Table of Contents TABLE OF CONTENTS Page PROSPECTUS SUMMARY 1 THE OFFERING 8 RISK FACTORS 15 CAUTIONARY NOTE REGARDING FORWARD-LOOKING STATEMENTS 36"
CEPO,2025-01-07,0.19900003691336338,0.09950476310493198,0.4975143262281594,MISS,"” beginning on page 40 for a discussion of information that should be considered in connection with an investment in our securities. Investors will not be entitled to protections normally afforded to investors in Rule 419 blank check offerings. Neither the U.S. Securities and Exchange Commission nor any state securities commission has approved or disapproved of these securities or determined if this prospectus is truthful or complete. Any representation to the contrary is a criminal offense. No offer or invitation, whether directly or indirectly, is being or may be made to the public in the Cayman Islands to subscribe for any of our securities. Per Share Total Public offering price $ 10.00 $ 200,000,000 Underwriting discounts and commissions (1) $ 0.20 $ 4,000,000 Proceeds, before expenses, to Cantor Equity Partners I, Inc. $ 9.80 $ 196,000,000 ____________ (1) We will also pay $100,000 to Odeon Capital Group LLC for acting as a “qualified independent underwriter” in this offering. See the section of this prospectus entitled “Underwriting (Conflicts of Interest)” beginning on page 172 for a description of compensation and other items of value payable to the underwriters. Table of Contents Of the proceeds we receive from this offering and the sale of the private placement shares, $200,000,000 ($10.00 per public share) will be deposited into a trust account in the United States at J.P. Morgan Chase Bank, N.A., with Continental Stock Transfer & Trust Company acting as trustee, and $1,000,000, together with $1,750,000 of additional committed loans by our sponsor, will be available to pay fees and expenses in connection with the closing of this offering and for working capital following the closing of this offering. Because our sponsor acquired the founder shares at a nominal price (approximately $0.005 per share), our public shareholders will incur an immediate and substantial"
PLMK,2025-01-15,0.0,0.20059682601508683,,MISS,"” beginning on page 38. Investors will not be entitled to protections normally afforded to investors in Rule 419 blank check offerings. Price to Public Underwriting Discounts and Commissions (1) Proceeds, Before Expenses, to Us Per Unit 10.00 0.65 9.35 Total 200,000,000 13,000,000 187,000,000 ____________ (1) Includes (a) $0.25 per unit, or $5,000,000 in the aggregate (or $5,750,000 if the overallotment option is exercised in full), payable to the underwriter upon the closing of this offering, of which (i) $0.10 per unit will be paid to the underwriter in cash, (ii) $0.10 per unit will be used by the underwriter to purchase private placement units and (iii) $0.05 per unit will be reimbursed to us for expenses; and (b) up to $0.40 per unit, or up to $8,000,000 in the aggregate (or up to $9,200,000 if the overallotment option is exercised in full) payable to the underwriter in this offering, for deferred underwriting commissions, to be placed in a trust account located in the United States and released to the underwriter only upon the completion of an initial"
FLOC,2025-01-16,-5.117846527668692,-4.040406505432989,-16.599327200447693,MISS,"“ beginning on page 26 to read about factors you should consider before buying shares of our Class A common stock. Neither the Securities and Exchange Commission nor any other regulatory body has approved or disapproved of these securities or passed upon the accuracy or adequacy of this prospectus. Any representation to the contrary is a criminal offense. Per Share Total Initial public offering price $ $ Underwriting discounts and commissions(1) $ $ Proceeds, before expenses, to Flowco Holdings Inc. $ $ (1) We refer you to “Underwriting” beginning on page 161 of this registration statement for additional information regarding underwriting compensation. The underwriters have the option to purchase up to an additional shares of Class A common stock from us at the initial price to the public less the underwriting discount within 30 days of the date of this prospectus. The underwriters expect to deliver the shares of Class A common stock against payment in New York, New York on , 2024. J.P. Morgan Jefferies Piper Sandler Evercore ISI BMO Capital Markets Pickering Energy Partners Fearnley Securities Pareto Securities TPH&Co. Prospectus dated , 2024 Table of Contents Table of Contents TABLE OF CONTENTS PROSPECTUS SUMMARY 1 RISK FACTORS 26 CAUTIONARY NOTE REGARDING FORWARD-LOOKING STATEMENTS 56 OUR ORGANIZATIONAL STRUCTURE 59"
TOPP,2025-01-22,-51.063828775385154,-37.23404518399859,-47.87233927876985,MISS,"” beginning on page 10 for a discussion of information that should be considered in connection with an investment in our securities. Neither the SEC nor any state securities commission has approved or disapproved of these securities or determined if this prospectus is truthful or complete. Any representation to the contrary is a criminal offense. Per Share Total Initial public offering price $ [ ] $ [ ] Underwriting discounts and commissions (1) $ [ ] $ [ ] Proceeds, before expenses, to Toppoint Holdings Inc. $ [ ] $ [ ] (1) Represents underwriting discounts equal to 7.0% per share. Does not include the following additional compensation payable to the underwriters: We have agreed to pay the representative of the underwriters, A.G.P./Alliance Global Partners (the “Representative”), up to $150,000 for out-of-pocket accountable expenses incurred relating to this offering and to reimburse the underwriters for non-accountable expenses not in excess of 1% of the gross proceeds raised in this offering. We have granted a 45-day option to the underwriters to purchase up to [ ] additional shares of common stock (equal to 15% of the shares of common stock sold in the offering), solely to cover over-allotments, if any, at the public offering price less the underwriting discounts. If the underwriters exercise the over-allotment option in full, the total underwriting discounts payable will be $[ ] based on an assumed midpoint offering price of $[ ] per share, and the total gross proceeds to us, before underwriting discounts and expenses, will be $[ ]. This offering is being conducted on a firm commitment basis. The Representative is obligated to take and pay for all of the shares of common stock if any such shares are taken. In addition to the underwriting discounts listed above, we have agreed to issue to the Representative or its designated affiliates and to register herein warrants, exercisable for a period of three years following the date of commencement of sales of the offering, to purchase up to 5% of the total number of the shares of common stock sold in this offering (including the over-allotment shares), at an exercise price equal to 120% of the public offering price per share of common stock sold in this offering (the “Representative’s Warrants”). See “ Underwriting ” for additional information regarding total underwriting compensation. The underwriters expect to deliver the shares of common stock to the purchasers on or about , 2024 Sole Book-Running Manager A.G.P. , 2024 TABLE OF CONTENTS Page Prospectus Summary 1 Risk Factors 10 Cautionary Statement Regarding Forward-Looking Statements 28"
VG,2025-01-24,-14.79166348775228,-36.29166682561238,-62.70833412806193,MISS,"” beginning on page 22. Neither the Securities and Exchange Commission nor any state securities commission has approved or disapproved of these securities or determined if this prospectus is truthful or complete. Any representation to the contrary is a criminal offense. Per Share Total Public offering price $ $ Underwriting discounts and commissions (1) $ $ Proceeds to us before expenses $ $ (1) See the section titled “Underwriting” for additional information regarding compensation payable to the underwriters. The underwriters have the option for a period of 30 days to purchase up to an additional shares of Class A common stock from us at the initial public offering price less underwriting discounts and commissions. The underwriters expect to deliver the shares to purchasers on or about , 2024. Joint Bookrunning Managers Goldman Sachs & Co. LLC* J.P. Morgan* BofA Securities *( listed in alphabetical order ) ING RBC Capital Markets Scotiabank Mizuho Santander SMBC Nikko MUFG BBVA Loop Capital Markets Natixis Deutsche Bank Securities Prospectus dated , 2024 Table of Contents Table of Contents TABLE OF CONTENTS Page Market and Industry Data ii Trademarks and Service Marks ii Stock Split ii Basis of Presentation ii Certain Important Terms iii Prospectus Summary 1 Risk Factors 22 Special Note Regarding Forward-Looking Statements 96"
DMAA,2025-01-28,0.30120213711136457,0.4016060411629196,,MISS,"” beginning on page 33 for a discussion of information that should be considered in connection with an investment in our securities. Investors will not be entitled to protections normally afforded to investors in Rule 419 blank check offerings. Neither the U.S. Securities and Exchange Commission nor any state securities commission has approved or disapproved of these securities or determined if this prospectus is truthful or complete. Any representation to the contrary is a criminal offense. No offer or invitation, whether directly or indirectly, is being or may be made to the public in the Cayman Islands to subscribe for any of our securities. Per Unit Total Public offering price $ 10.00 $ 500,000,000 Underwriting discounts and commissions (1) $ 0.30 $ 15,000,000 Proceeds, before expenses, to us $ 9.70 $ 485,000,000 ____________ (1) $0.05 per unit sold in the base offering, or $2,500,000 (or up to $2,875,000 if the overallotment option is exercised in full) in the aggregate, is payable upon the closing of this offering. Includes $0.25 per unit, or $12,500,000 (or up to $14,375,000 if the underwriters’ over -allotment option is exercised in full) in the aggregate, payable to the underwriters for deferred underwriting commissions to be placed in a trust account located in the United States as described herein. The deferred commissions will be released to the underwriters only on completion of an initial"
SFD,2025-01-28,4.810130445263053,8.556964729405657,-2.1265826647794697,HIT,"” beginning on page 29 to read about factors you should consider before buying shares of our common stock. Neither the Securities and Exchange Commission, or the SEC, nor any state securities commission has approved or disapproved of these securities or passed upon the adequacy or accuracy of this prospectus. Any representation to the contrary is a criminal offense. ___________________________________ Per Share Total Public offering price $ $ Underwriting discounts and commissions (1) $ $ Proceeds, before expenses, to the selling shareholder $ $ ____________ (1) See “Underwriting” for additional information regarding underwriting compensation. At our request, the underwriters have reserved up to 1 % of the shares of our common stock offered by this prospectus for sale at the public offering price through a directed share program to our directors, officers and certain of our employees. See “Underwriting — Directed Share Program.” The selling shareholder has granted the underwriters a 30 -day option from the date of this prospectus to purchase up to 2,400,000 additional shares of our common stock, or the additional shares, at the public offering price listed on the cover page of this prospectus, less underwriting discounts and commissions and subject to adjustment in the event we declare dividends payable on the firm shares but not the additional shares. We will not receive any proceeds from the sale of stock by the selling shareholder pursuant to any exercise of the underwriters’ option to purchase additional shares. Long Wan, the chairman of our board of directors and the chairman of WH Group, has indicated an interest in purchasing up to 1.8 million shares of our common stock offered in this offering at the public offering price. Because this indication of interest is not a binding agreement or commitment to purchase, Mr. Wan may determine to purchase more, fewer, or no shares in this offering, or the underwriters may determine to sell more, fewer, or no shares to him. The underwriters will receive the same underwriting discounts and commissions on any shares of our common stock purchased by Mr. Wan as they will from the other shares of our common stock sold in this offering. The underwriters expect to deliver the shares on or about , 2025 through the book -entry facilities of The Depository Trust Company. ___________________________________ Morgan Stanley BofA Securities Barclays The date of this prospectus is , 2025. Table of Contents TABLE OF CONTENTS Page About this Prospectus ii Prospectus Summary 1 The Offering 20 Summary Historical Consolidated Financial and Other Information 22 Risk Factors 29 Cautionary Note Regarding Forward-Looking Statements 62"
BBNX,2025-01-30,-4.655093157800213,-11.680061022243656,-37.91789844558749,MISS,"’’ beginning on page 22 of this prospectus. Per Share Total Initial public offering price $ $ Underwriting discounts and commissions (1) $ $ Proceeds, before expenses, to Beta Bionics, Inc. $ $ (1) See the section titled “Underwriting” for additional information regarding compensation payable to the underwriters. Neither the Securities and Exchange Commission nor any state securities commission has approved or disapproved of these securities or determined if this prospectus is truthful or complete. Any representation to the contrary is a criminal offense. The underwriters expect to deliver the shares of common stock to purchasers on or about , 2025. BofA Securities Piper Sandler Leerink Partners Stifel Lake Street The date of this prospectus is , 2025. Table of Contents New Treatment Paradigm For People with Diabetes iLet Bionic Pancreas (iLet): first FDA-cleared pump that utilizes adaptive closed-loop algorithms that are initialized only with a user’s body weight and require no additional insulin dosing parameters Note: The individual shown is for illustration purposes only and may not be an exact representation of the user of iLet. Beta Bionics Table of Contents iLet: Determines and Delivers 100% of All Insulin Doses1 Abbott’s FreeStyle Libre 3 Plus Sensor Dexcom G7 CGM Dexcom G6 CGM Insulin cartridge Infusion set Smartphone Adaptive algorithms learn each person’s unique and ever-changing insulin requirement to simplify and improve diabetes"
INR,2025-01-31,1.0915972736953898,-6.5970546263932155,-18.224965392530002,MISS,"” and “Prospectus Summary—Emerging Growth Company Status” contain additional information about our status as an emerging growth company. We have granted the underwriters the option to purchase up to additional shares of Class A common stock on the same terms and conditions set forth above within 30 days from the date of this prospectus. Neither the Securities and Exchange Commission nor any state securities commission has approved or disapproved of these securities or passed on the adequacy or accuracy of this prospectus. Any representation to the contrary is a criminal offense. The underwriters expect to deliver the shares on or about , 2024. Citigroup Raymond James RBC Capital Markets Prospectus dated , 2024 Table of Contents TABLE OF CONTENTS Page Commonly Used Defined Terms ii Glossary of Oil and Natural Gas Terms iv Presentation of Financial and Operating Data vii Industry and Market Data vii Trademarks and Trade Names vii Prospectus Summary 1 Risk Factors 30 Cautionary Statement Regarding Forward-Looking Statements 69"
MAZE,2025-01-31,-21.81817920909845,-24.200625096152194,-27.962383018689565,MISS,"You should read the section entitled “Risk factors” in this prospectus for a discussion of factors to consider carefully before deciding to invest in shares of our common stock. Proposed Nasdaq Global Market symbol “MAZE” The number of shares of our common stock to be outstanding after this offering is based on (i) 23,526,903 shares of our common stock outstanding as of September 30, 2024, including 101,605 shares that are unvested and subject to repurchase or forfeiture, and (ii) the automatic conversion of all shares of our outstanding redeemable convertible preferred stock, including shares of Series D Preferred Stock and 10 Table of Contents Series D-1 Preferred Stock issued subsequent to September 30, 2024, into 314,170,263 shares of our common stock immediately prior to the completion of this offering, and excludes: • 36,421,972 shares of our common stock issuable upon the exercise of options to purchase shares of our common stock outstanding as of September 30, 2024 under our 2019 Equity Incentive Plan, or the 2019 Plan, with a weighted-average exercise price of $1.09 per share, which includes adjustments related to our repricing of outstanding stock options in December 2024; • 16,104,100 shares of our common stock issuable upon the exercise of options to purchase shares of our common stock granted after September 30, 2024 under our 2019 Plan, with a weighted-average exercise price of $1.08 per share; and • shares of our common stock reserved for future issuance under our equity compensation plans, consisting of: • 22,540,468 shares of our common stock reserved for future issuance under our 2019 Plan, which includes the increase of 20,726,731 shares reserved for issuance under our 2019 Plan in November 2024; • shares of our common stock to be reserved for future issuance under our 2025 Equity Incentive Plan, or the 2025 Plan, which will become effective immediately prior to the date of the effectiveness of the registration statement of which this prospectus forms a part; and • shares of our common stock to be reserved for future issuance under our 2025 Employee Stock Purchase Plan, or the ESPP, which will become effective on the date of the effectiveness of the registration statement of which this prospectus forms a part. Our 2025 Plan and our ESPP provide for automatic annual increases in the number of shares of our common stock reserved thereunder, and our 2025 Plan provides for increases to the number of shares that may be granted thereunder based on shares under our 2019 Plan that expire, are tendered to or withheld by us for payment of an exercise price or for satisfying tax withholding obligations or are forfeited or otherwise repurchased by us. Upon completion of this offering, any remaining shares of our common stock available for issuance under our 2019 Plan will be added to the shares reserved under our 2025 Plan and we will cease granting awards under our 2019 Plan. See the section entitled “"
CJMB,2025-02-05,-9.024387662570946,11.048782419548555,30.487805587205784,HIT,"” beginning on page 11 of this prospectus for a discussion of information that should be considered in connection with an investment in our shares of common stock. Neither the U.S. Securities and Exchange Commission nor any state securities commission has approved or disapproved of these securities or determined if this prospectus is truthful or complete. Any representation to the contrary is a criminal offense. Per Share Total I nitial public offering price $ $ Underwriting discounts and commissions (1) $ $ Proceeds, before expenses, to us (2) $ $ (1) We have also agreed to (i) issue a warrant or warrants to the representatives of the underwriters exercisable in the aggregate for up to such number of shares of common stock equal to 5% of the number of shares of common stock sold in this offering, at a price equal to 120% of the initial public offering price (the “Representative’s Warrants”), (ii) reimburse the underwriters for certain expenses and (iii) provide the representatives a non-accountable expense allowance equal to 1.0% of the gross proceeds of this offering. See “ Underwriting ” for additional information regarding compensation payable to the underwriter. (2) The amount of offering proceeds to us presented in this table does not give effect to the exercise of (i) the over-allotment option by the underwriters or (ii) the Representative’s Warrants. This offering is being conducted on a firm commitment basis. The underwriters are obligated to take and purchase all of the shares of common stock offered under this prospectus if any such shares are taken. We have granted a 45-day option to the underwriters to purchase up to 192,000 additional shares of common stock, representing 15% of the shares of common stock sold in this offering, solely to cover over-allotments, if any. If the underwriters exercise the option in full, the total proceeds to us, less underwriting discounts, commissions, and non-accountable expenses payable, will be $6,660,800 based on an assumed initial public offering price of $5.00 per share. Delivery of the shares of common stock is expected to be made on or about ______ , 2024. Sole Book-Runner ALEXANDER CAPITAL, L.P. The date of this prospectus is _________, 2024. TABLE OF CONTENTS Page CAUTIONARY STATEMENT REGARDING FORWARD-LOOKING STATEMENTS 2 PROSPECTUS SUMMARY 3 RISK FACTORS 11"
KFII,2025-02-05,0.0,0.7049314468573887,,MISS,"” beginning on page 46 for a discussion of information that should be considered in connection with an investment in our securities. Investors will not be entitled to protections normally afforded to investors in Rule 419 blank check offerings. Neither the U.S. Securities and Exchange Commission nor any state securities commission has approved or disapproved of these securities or determined if this prospectus is truthful or complete. Any representation to the contrary is a criminal offense. No offer or invitation, whether directly or indirectly, is being or may be made to the public in the Cayman Islands to subscribe for any of our securities. Per Unit Total Public offering price (1) $ 10.00 $ 250,000,000 Underwriting discounts and commissions $ 0.55 $ 13,750,000 Proceeds, before expenses, to us $ 9.45 $ 236,250,000 ____________ (1) Includes $0.20 per unit (including any units sold pursuant to the underwriters’ option to purchase additional units), or $5,000,000 in the aggregate (or up to $5,750,000 if the underwriters’ over -allotment option is exercised in full), payable to the underwriters upon the closing of this offering. Also includes $0.35 per unit on all units sold including those sold pursuant to the underwriters’ option to purchase additional units, or $8,750,000 in the aggregate (or up to $10,062,500 in the aggregate if the underwriters’ over -allotment option is exercised in full) payable to the underwriters for deferred underwriting commissions to be deposited into a trust account located in the United States and released to the underwriters for their own account only upon the completion of an initial"
SION,2025-02-07,-20.080001831054688,-44.91999816894531,-51.59999847412109,MISS,"” beginning on page 16 to read about factors that you should consider before deciding to invest in shares of our common stock. Per Share Total Initial public offering price $ $ Underwriting discounts and commissions(1) $ $ Proceeds, before expenses, to us $ $ (1) See the section titled “ Underwriting ” for additional information regarding compensation payable to the underwriters. We have granted the underwriters the option to purchase up to an additional shares of common stock from us, at the initial public offering price, less the underwriting discounts and commissions. The underwriters expect to deliver the shares of common stock on or about , 2025. Neither the Securities and Exchange Commission nor any state securities commission has approved or disapproved of these securities or determined if this prospectus is truthful or complete. Any representation to the contrary is a criminal offense. Goldman Sachs & Co. LLC TD Cowen Stifel Guggenheim Securities , 2025 Table of Contents TABLE OF CONTENTS Page Contents PROSPECTUS SUMMARY 1 RISK FACTORS 16 CAUTIONARY NOTE REGARDING FORWARD-LOOKING STATEMENTS 83"
AARD,2025-02-13,-4.612164791984711,-33.47309448912881,-45.91195287102945,MISS,".” 77 Table of Contents In recent years, the stock market in general, and the market for pharmaceutical and biotechnology companies in particular, has experienced significant price and volume fluctuations that have often been unrelated or disproportionate to changes in the operating performance of the companies whose stock is experiencing those price and volume fluctuations. Broad market and industry factors may seriously affect the market price of our common stock, regardless of our actual operating performance. These fluctuations may be even more pronounced in the trading market for our stock shortly following this offering. When the market price of a stock has been volatile, as our stock price may be, holders of that stock have occasionally brought securities class action litigation claims against the company that issued the stock. If any of our stockholders were to bring a lawsuit of this type against us, even if the lawsuit were without merit, we could incur substantial costs defending the lawsuit. The lawsuit could also divert the time and attention of our"
IPEX,2025-02-13,0.15197916410010393,0.40526810857973544,,MISS,"” beginning on page 39 for a discussion of information that should be considered in connection with an investment in our securities. Investors will not be entitled to protections normally afforded to investors in Rule 419 blank check offerings. Neither the U.S. Securities and Exchange Commission nor any state securities commission has approved or disapproved of these securities or determined if this prospectus is truthful or complete. Any representation to the contrary is a criminal offense. No offer or invitation, whether directly or indirectly, is being or may be made to the public in the Cayman Islands to subscribe for any of our securities. Per Unit Total Public offering price $ 10.00 $ 75,000,000 Underwriting discounts and commissions(1) $ 0.65 $ 4,875,000 Proceeds, before expenses, to us $ 9.35 $ 70,125,000 1) Includes $0.25 per unit, or $1,875,000 in the aggregate (or $2,156,250 in the aggregate if the underwriters’ option to purchase additional units is exercised in full), payable to the underwriters upon the closing of this offering. Also includes up to $0.40 per unit, or up to $3,000,000 in the aggregate (or up to $3,450,000 if the overallotment option is exercised in full), payable to the underwriters in this offering for deferred underwriting commissions to be placed in a trust account located in the United States and released to the underwriters only upon the completion of an initial"
KRMN,2025-02-13,-0.16638681640591527,-6.289515599446367,16.738777776042863,HIT,"” beginning on page 22 to read about factors you should consider before buying shares of our common stock. Neither the Securities and Exchange Commission (the “SEC”) nor any state securities commission has approved or disapproved of these securities or passed upon the adequacy or accuracy of this prospectus. Any representation to the contrary is a criminal offense. Per share Total Initial public offering price $ $ Underwriting discounts and commissions (1) $ $ Proceeds, before expenses, to us $ $ Proceeds, before expenses, to the selling stockholders $ $ (1) We have agreed to reimburse the underwriters for certain expenses in connection with this offering. See “Underwriting” for a description of the compensation payable to the underwriters. We have granted the underwriters the right, for a period of 30 days from the date of this prospectus, to purchase up to additional shares of common stock from us at the initial public offering price less underwriting discounts and commissions. The underwriters expect to deliver the shares against payment on or about , 2025. Citigroup Evercore ISI RBC Capital Markets William Blair Baird Prospectus dated , 2025 Table of Contents TABLE OF CONTENTS Page SUMMARY 1 THE OFFERING 17 SUMMARY FINANCIAL DATA 19 RISK FACTORS 22 CAUTIONARY NOTE REGARDING FORWARD-LOOKING STATEMENTS 56"
SAIL,2025-02-13,7.772723111239347,4.545454545454546,-11.181814020330256,HIT,"” beginning on page 22. PRICE $ A SHARE Price to Public Underwriting Discounts and Commissions (1) Proceeds to SailPoint, Inc., before expenses Per Share $ $ $ Total $ $ $ (1) See “Underwriting” for a description of the compensation payable to the underwriters. We have granted the underwriters the right to purchase up to an additional shares of common stock at the initial public offering price less underwriting discounts and commissions solely to cover over-allotments, if any. Immediately after this offering, assuming an offering size as set forth above, funds controlled by our principal stockholder, Thoma Bravo, will own approximately % of our outstanding common stock (or % of our outstanding common stock if the underwriters exercise their option to purchase additional shares in full). See “Risk Factors—Risks Related to This Offering and Ownership of Our Common Stock—Thoma Bravo controls us, and its interests may conflict with ours or yours in the future.” As a result, we expect to be a “controlled company” within the meaning of the corporate governance standards of Nasdaq. See “"
XHLD,2025-02-13,-82.05882427739162,-89.72058857188505,-81.61764705882352,MISS,"” in each of the IPO Prospectus and the Resale Prospectus. The information in this prospectus is not complete and may be changed. We may not sell the securities until the registration statement filed with the U.S. Securities and Exchange Commission is effective. This prospectus is not an offer to sell these securities and it is not soliciting any offer to buy these securities in any jurisdiction where such offer or sale is not permitted. SUBJECT TO COMPLETION PRELIMINARY PROSPECTUS DATED [●], 2024 2,500,000 Shares of Common Stock TEN Holdings, Inc. This is an initial public offering on a firm commitment basis of shares of common stock, par value $0.0001 per share, of TEN Holdings, Inc., a Nevada corporation. Prior to this offering, there has been no public market for our common stock. We expect the initial public offering price to be in the range of $4.00 to $6.00 per share. We have reserved the symbol “XHLD” for purposes of listing our common stock on the Nasdaq Capital Market (“Nasdaq”) and plan to apply to list our common stock on Nasdaq. At this time, Nasdaq has not yet approved our application to list our common stock. The closing of this offering is conditioned upon Nasdaq’s final approval of our listing application, and there is no guarantee or assurance that our common stock will be approved for listing on Nasdaq. We are an “emerging growth company” as that term is used in the Jumpstart Our"
NPB,2025-02-14,-1.2337238059853881,-6.579849404433991,-0.5483202389950953,MISS,",” beginning on page 25 to read about factors you should consider before investing in our common stock. None of the U.S. Securities and Exchange Commission (the “SEC”), any state securities commission, the Federal Deposit Insurance Corporation (the “FDIC”), the Board of Governors of the Federal Reserve System nor any other regulatory body has approved or disapproved of these securities or passed upon the accuracy or adequacy of this prospectus. Any representation to the contrary is a criminal offense. These securities are not deposits, savings accounts or other obligations of any bank or savings association and are not insured or guaranteed by the FDIC or any other governmental agency and are subject to investment risks, including the possible loss of the entire amount you invest. ​ ​ ​ Per Share ​ ​ Total ​ Initial public offering price ​ ​ ​ $ ​ ​ ​ ​ $ ​ ​ Underwriting discounts and commissions (1) ​ ​ ​ $ ​ ​ ​ ​ $ ​ ​ Proceeds before expenses, to us ​ ​ ​ $ ​ ​ ​ ​ $ ​ ​ Proceeds before expenses, to the selling stockholders ​ ​ ​ $ ​ ​ ​ ​ $ ​ ​ ​ ​ (1) See the section entitled “Underwriting” for additional information regarding underwriting compensation. ​ This is a firm commitment underwritten offering. The underwriters have the option to purchase up to an additional shares from us at the initial public offering price less the underwriting discount within 30 days of the date of this prospectus. The underwriters expect to deliver the shares of our common stock to purchasers on or about , 2025. ​ Sole Bookrunning Manager Keefe, Bruyette & Woods A Stifel Company The date of this prospectus is , 2025. TABLE OF CONTENTS ​ TABLE OF CONTENTS ​ ​ ​ Page ​ ABOUT THIS PROSPECTUS ​ ​ ​ ​ ii ​ ​ INDUSTRY AND MARKET DATA ​ ​ ​ ​ iii ​ ​ PROSPECTUS SUMMARY ​ ​ ​ ​ 1 ​ ​ SUMMARY HISTORICAL CONSOLIDATED FINANCIAL INFORMATION AND OTHER DATA ​ ​ ​ ​ 20 ​ ​ RISK FACTORS ​ ​ ​ ​ 25 ​ ​ CAUTIONARY NOTE REGARDING FORWARD-LOOKING STATEMENTS ​ ​ ​ ​ 50 ​ ​"
ADVB,2025-03-06,6.575346646243579,8.493146504441352,-50.41095785898705,HIT,"— The Chinese government may intervene in or influence our operations in the Mainland China or Hong Kong at any time or may exert more control over offerings conducted overseas and/or foreign investment in us, which could result in a material change in our operations and and/or the value of the securities we are registering for sale”; “Risk Factors — If the Chinese government were to exert more oversight and control over or impose new requirements for approval from the PRC authorities to issue our Common Stock to foreign investors or list on a foreign exchange, such action could significantly limit or completely hinder our ability to offer or continue to offer securities to investors and cause the value of such securities to significantly decline or be worthless”; “Risk Factors — If the Chinese government chooses to exert more oversight and control over offerings that are conducted overseas and/or foreign investment in China-based issuers, such action could significantly limit or completely hinder our ability to offer or continue to offer securities to investors and cause the value of such securities to significantly decline or be worthless”; and “Risk Factors — The M&A Rules and certain PRC regulations may make it more difficult for us to pursue growth through acquisitions.” Cash may be transferred within our organization in the following manners: (i) Advanced Biomed may transfer funds to our subsidiaries, including our Shanghai subsidiary, by way of capital contributions or loans, through intermediate holding subsidiaries or otherwise; (ii) we and our intermediate holding subsidiaries may provide loans to our operating subsidiaries and vice versa; and (iii) our subsidiaries, including our Shanghai subsidiary, may make dividends or other distributions to us through intermediate holding companies or otherwise. As of the date of this prospectus, Advanced Biomed made fourteen capital contributions to Advanced Biomed Inc. (Taiwan) (“Advanced Biomed Taiwan”) and Advanced Biomed HK to support their research and development. Date Receiving Entity Amount (US$) June 29, 2022 Advanced Biomed Taiwan 2,500,000 October 11, 2022 Advanced Biomed Taiwan 86,000 October 24, 2022 Advanced Biomed HK 100,000 October 26, 2022 Advanced Biomed HK 500,000 November 7, 2022 Advanced Biomed Taiwan 122,000 December 2, 2022 Advanced Biomed HK 110,000 December 14, 2022 Advanced Biomed Taiwan 85,000 October 10, 2023 Advanced Biomed HK 70,000 December 5, 2023 Advanced Biomed HK 300,000 April 9, 2024 Advanced Biomed HK 150,000 November 22, 2024 Advanced Biomed HK 110,000 March 13, 2025 Advanced Biomed HK 2,000,000 March 20, 2025 Advanced Biomed Taiwan 500,000 March 20, 2025 Advanced Biomed HK 550,000 Other than the transfers in the table above, we have not made any distribution of dividends or assets, cash transfers, capital contributions or loans among the holding company or any of our subsidiaries. Any loans from us or our holding subsidiaries outside of Mainland China to our Shanghai subsidiary, which is treated as a foreign-invested enterprise (“FIE”) under PRC law, are subject to PRC regulations and foreign exchange loan registrations. Such loans to our FIE subsidiary to finance its activities must be registered with the State Administration of Foreign Exchange (“SAFE”) or its local counterparts. PRC laws, regulations and judicial interpretations thereof do not prohibit using cash generated from one subsidiary to fund another subsidiary’s operations by way of short term interest free loans as long as they comply with relevant laws and procedures. In the future, cash proceeds raised from overseas financing activities, including this offering, may be transferred by us to our Taiwan and Hong Kong subsidiaries and Shanghai subsidiary via capital contributions or shareholder loans. As of the date of this prospectus, Advanced Biomed has not made"
JFB,2025-03-06,3.000000544956752,18.57143129621233,25.714288439069477,HIT,"” contained in this prospectus, as described beginning on page 10. Neither the Securities and Exchange Commission nor any state securities commission has approved or disapproved of these securities or determined if this prospectus is truthful or complete. Any representation to the contrary is a criminal offense. Per Unit Total Public offering price $ 4.125 $ 5,156,250 Discounts and commissions to Underwriters (1) $ $ Proceeds to us, before expenses (2) $ $ (1) Underwriting discounts and commissions do not include a non-accountable expense allowance equal to 1.0% of the initial public offering price payable to the underwriters. In addition, we have agreed to issue an option to purchase up to 125,000 Units (the “Representative’s Units”) to the representative of the underwriters as a portion of the underwriting compensation payable to the underwriters in connection with this offering. Each Representative’s Unit consists of one share of Class A common stock and one warrant (the “Representative’s Warrants”) to purchase one share of Class A common stock. The registration statement, of which this prospectus is a part, also registers for sale the shares of Class A common stock and the shares of Class A common stock underlying the Representative’s Warrants of the Representative’s Units. The Unit Purchase Option shall have an exercise price equal to 110% of the offering price of the Units sold in this offering .We refer you to “Underwriting” beginning on page 67 of this prospectus for additional information regarding underwriting compensation. (2) We have granted a 45-day option to the representative of the Underwriters to purchase up to an additional 187,500 Units on the same terms and conditions as set forth above solely to cover over-allotments, if any. If such over-allotment option is fully exercised, we will receive additional gross proceeds of $773,437.50, less a 7.5% discount to the underwriters before expenses. See “Underwriting” beginning on page 67 for more information. The underwriters are offering the units for sale on a firm commitment basis. The Underwriters expect to deliver the Units to purchasers on or about , 2024 through the book-entry facilities of The Depository Trust Company. Bookrunner KINGSWOOD a division of Kingswood Capital Partners, LLC The date of this prospectus is , 2024 ii TABLE OF CONTENTS Page PROSPECTUS SUMMARY 2 RISK FACTORS 10 CAUTIONARY NOTE REGARDING FORWARD-LOOKING STATEMENTS 25 INDUSTRY AND MARKET DATA 26"
KMTS,2025-03-06,13.461540812806483,8.791209079119161,12.179486395731171,HIT,"” section beginning on page 22 of this prospectus. Per Share Total Public offering price $ $ Underwriting discount (1) $ $ Proceeds, before expenses, to us $ $ (1) We refer you to the section titled “Underwriting” for additional information regarding underwriter compensation. We have granted the underwriters an over-allotment option for a period of 30 days from the date of this prospectus to purchase up to additional common shares. If the underwriters exercise in full their over-allotment option, the total underwriting discounts and commissions payable by us will be $ and the total proceeds to us, before expenses, will be $ . At our request, the underwriters have reserved up to % of the common shares offered hereby, for sale at the initial public offering price through a reserved shares program to our officers, directors, team members and certain of their friends or family. See “Underwriting—Reserved Shares.” Neither the SEC nor any other regulatory body has approved or disapproved of these securities or passed upon the adequacy or accuracy of this prospectus. Any representation to the contrary is a criminal offense. The Bermuda Monetary Authority has given general permission under the Exchange Control Act 1972 (and its related regulations) for the issue and transfer of our common shares that are the subject of this offering to and between residents and non-residents of Bermuda, for exchange control purposes, provided our shares remain listed on an appointed stock exchange, which includes the Nasdaq Global Market. In granting such general permission, the Bermuda Monetary Authority does not accept any responsibility for our financial soundness or the correctness of any of the statements made or opinions expressed in this prospectus. The common shares will be ready for delivery on or about , . BofA Securities Goldman Sachs & Co. LLC Piper Sandler Wells Fargo Securities Stifel Wolfe | Nomura Alliance The date of this prospectus is , 2025 Table of Contents TABLE OF CONTENTS PROSPECTUS SUMMARY 1 RISK FACTORS 22 SPECIAL NOTE REGARDING FORWARD-LOOKING STATEMENTS 88 ORGANIZATIONAL TRANSACTIONS 90"
MWYN,2025-03-13,0.6976681776859294,1.8604632594768054,-7.441864127142966,MISS,"” beginning on page 13 . You should carefully consider these risk factors, as well as the information contained in this prospectus, before purchasing any of the securities offered by this prospectus. Table of Contents Neither the Securities and Exchange Commission (the “SEC”) nor any state securities commission has approved or disapproved of these securities or determined if this prospectus is truthful or complete. Any representation to the contrary is a criminal offense. _______________________ Per Share Total Initial public offering price (1) $ 4.50 $ 9,000,000.00 Underwriting discounts and commissions (2) $ 0.36 $ 720,000.00 Proceeds to us, before expenses (3) $ 4.14 $ 8,280,000.00 ____________ (1) Initial public offering price per share is assumed to be $ 4.50 , being the mid -point of the initial public offering price range. The offering size exclu des an y shares issued pursuant to the exercise of the over -allotment option. (2) We have agreed to pay the underwriters a discount equal to 8% of the gross proceeds of the offering. We have agreed to issue, on the closing date of this offering, warrants to the Representative (“Representative’s Warrants”), to purchase an amount equal to 5% of the aggregate number of shares of common stock sold by us in this offering. These Representative’s Warrants will be exercisable on the 180 th day after the effective date of this registration statement at a price equal to 120% of the public offering price of the shares of common stock set forth on the cover page of this prospectus, may be exercised immediately on a cashless basis, and will expire five years from the effective date of this registration statement. The registration statement of which this prospectus forms a part also covers the issuance of the Representative’s Warrants and shares of common stock issuable thereunder. See “ Underwriting ” beginning on page 94. (3) We estimate the total expenses of this offering will be approximately $ 1, 000 ,000.00 . Assumes no exercise of the over -allotment option we have granted to the Representative as described below. The Representative has an over -allotment option to purchase up to an aggregate of 15% additional common stock from us at the price per share equal to initial public offering price within 45 days of the closing of this offering. The Representative expects to deliver the shares to purchasers against payment on or about [•], 2025 . Sole Book -Running Manager The date of this prospectus is [•], 2025 Table of Contents TABLE OF CONTENTS Page PROSPECTUS SUMMARY 1 THE OFFERING 9 RISK FACTORS 13 CAUTIONARY NOTE REGARDING FORWARD-LOOKING STATEMENTS 34"
CRWV,2025-03-28,9.025001525878906,-2.2749996185302734,46.22500419616699,HIT,"” beginning on page 26 to read about factors you should consider before buying shares of our Class A common stock. Neither the Securities and Exchange Commission nor any other regulatory body has approved or disapproved of these securities or passed upon the accuracy or adequacy of this prospectus. Any representation to the contrary is a criminal offense. Per Share Total Initial public offering price $ $ Underwriting discounts and commissions (1) $ $ Proceeds, before expenses, to us $ $ Proceeds, before expenses, to Selling Stockholders $ $ (1) See the section titled “Underwriting (Conflicts of Interest)” for a description of the compensation payable to the underwriters. The underwriters have the option for a period of 30 days from the date of this prospectus to purchase up to an additional shares of our Class A common stock from us to cover over-allotments, if any, at the initial public offering price less underwriting discounts and commissions. The underwriters expect to deliver the shares of our Class A common stock to purchasers on or about , 2025. MORGAN STANLEY J.P. MORGAN GOLDMAN SACHS & CO. LLC BARCLAYS CITIGROUP MUFG DEUTSCHE BANK SECURITIES JEFFERIES MIZUHO WELLS FARGO SECURITIES BOFA SECURITIES GUGGENHEIM SECURITIES NEEDHAM & COMPANY GALAXY DIGITAL Prospectus dated , 2025 Table of Contents Table of Contents Table of Contents Table of Contents Table of Contents Table of Contents Table of Contents TABLE OF CONTENTS Page SELECT DEFINED TERMS ii PROSPECTUS SUMMARY 1 RISK FACTORS 26 SPECIAL NOTE REGARDING FORWARD-LOOKING STATEMENTS 82 INDUSTRY AND MARKET DATA 84"
NMAX,2025-03-31,-58.436117594812195,-73.97916538573665,-71.04538416161124,MISS,"” beginning on page 5 of this prospectus. Overview Newsmax Inc. is a holding company that owns 100% of the equity interests of its operating company Newsmax Media, Inc. (“Newsmax Media”). Newsmax Media and its subsidiaries operate the businesses described in and incorporated by reference into this prospectus. Newsmax Media has six wholly-owned subsidiaries: Newsmax Broadcasting, LLC, a Florida limited liability company (“Newsmax Broadcasting”), Crown Atlantic Insurance, LLC, a Florida limited liability company (“Crown Atlantic”), Humanix Publishing, LLC, a Florida limited liability company (“Humanix Publishing”), Medix Health LLC, a Florida limited liability company (“Medix Health”), ROI Media Strategies, LLC, a Florida limited liability company (“ROI Media Strategies”), and Newsmax Radio LLC, a Florida limited liability company (“Newsmax Radio,” and together with Newsmax Media, Newsmax Broadcasting, Crown Atlantic Insurance, Humanix Publishing, Medix Health, and ROI Media Strategies, the “Subsidiaries”). Newsmax Media is a television broadcaster and multi-platform content publisher with a mixed-revenue model that primarily derives income from (i) digital, linear and over-the-top (“OTT”) television advertising, (ii) online web and digital advertising, (iii) cable license fees and streaming subscriptions, and (iv) subscriptions to online and print publications. Newsmax Media uses original news, syndicated services and editorial content to draw consumers to its media outlets, including through its highly-rated TV channel, digital websites and print publications, and its website, Newsmax.com , in order to sell advertising to third party marketers. Newsmax Media also sells subscriptions to its own streaming, digital and print products through its channels and platforms. Newsmax Media differentiates itself in a crowded media marketplace, among other things, through broad distribution of Newsmax Media’s content across linear cable, OTT streaming, and digital and print platforms, all with a focus on content related to politics, health, finance and lifestyle for an audience primarily comprised of viewers who are 45 years old or older. Newsmax Media’s industry leading digital brand, which started in 1998, enabled it to launch Newsmax, its linear cable channel, in 2014. Today, each month, more than 40 million Americans watch, read and listen to Newsmax. The Newsmax channel is currently carried by major Multichannel Video Programming Distributor (“MVPDs”) cable/satellite systems in the United States. Nielsen reports that Newsmax is the fourth highest-rated cable news network in the United States, with 21 million regular viewers, and is one of the 15 most viewed basic cable programs. In 2023, Nielsen reported that Newsmax was the only cable news channel with ratings growth across all dayparts, seeing a 42% increase in total viewership in prime time, 16% in daytime, 23% in total day, including a 69% increase in total day viewership among adults between age 35 and 64, and an 11% increase in access. As such, Newsmax Media became the first major digital brand to become the fastest-growing cable news platform. Meanwhile, competitor Fox News saw a 6% decline in viewership for total day and a 2% decline in prime during the same time period. In the first half of 2024, Newsmax’s total viewership in prime time grew by 41%, including a 10% increase among adults between the ages of 35 and 64, and by 36% in total day, including a 16% increase among adults between 35 and 64. In comparison, Fox News experienced a 10% increase in prime time viewership, including a 10% increase among adults between age 35 and 64, and a 2% increase in total day, including a 1% increase among adults between age 35 and 64. Overall, Newsmax’s total day ratings grew by 36% in the first half of 2024 compared to the first half of 2023, compared to 7% growth for MSNBC, a 2% growth for Fox News, a 3% growth for CNN, a 7% decline for CNBC and a 36% decline for Newsnation. 1 Corporate History Newsmax Inc. is a holding company that owns 100% of the equity interests of its operating company Newsmax Media. Newsmax Media and the other Subsidiaries operate the businesses described in and incorporated by reference into this prospectus. Newsmax Media was incorporated as Sequoia Digital Corporation in the State of Nevada in 1998. In 1999, Newsmax Media changed its name from Sequoia Digital Corporation to Newsmax.com, Inc. In 2001, Newsmax Media changed its name from Newsmax.com, Inc. to Newsmax Media, Inc. In 2006, Newsmax Media became a wholly-owned subsidiary of NMX Holdings, LLC. In 2014, Newsmax Media changed its state of domicile from Nevada to Delaware and consummated a corporate reorganization in which the members of NMX Holdings, LLC exchanged their membership interests in NMX Holdings, LLC for capital stock of Newsmax Media. In 2024, Newsmax Media consummated a corporate reorganization. Newsmax Inc. was formed as a new holding company that owns all of the outstanding shares of the operating company, Newsmax Media. The stockholders of Newsmax Media exchanged their shares of capital stock in Newsmax Media for the same class and number of shares in Newsmax Inc. Subsequently, Newsmax Media changed its state of domicile from Delaware to Florida. As a result of this reorganization, Newsmax Inc. became the direct holding company and the sole shareholder of Newsmax Media. Newsmax Media’s ownership of its Subsidiaries was not affected or changed as a result of this reorganization. On March 28, 2025, we amended and restated our Articles of Incorporation (the “Amended and Restated Articles of Incorporation”) to, among other things, reclassify our authorized share capital to implement a dual class of securities, such that each share of our Class A Common Stock and Class B Common Stock, issued and outstanding immediately prior to the effectiveness of the Amended and Restated Articles of Incorporation (the “Effective Time”) was recapitalized, reclassified and reconstituted into one fully paid and non-assessable share of Class B Common Stock; provided, that each share of capital stock, par value $0.001 per share, of Newsmax Inc. issued and outstanding immediately prior to the Effective Time held by Mr. Christopher Ruddy, our Chief Executive Officer and director (and/or his affiliates), was recapitalized, reclassified and reconstituted into one fully paid and non-assessable share of Class A Common Stock of Newsmax Inc. (the “Recapitalization”). Each share of our Class A Common Stock after the Recapitalization has ten votes per share and each share of our Class B Common Stock after the Recapitalization has one vote per share. In addition, on March 28, 2025, we effectuated a 6,765.396-for-1 forward stock split (the “Forward Stock Split”) of all of the outstanding shares of Newsmax Inc., which became effective immediately following the Recapitalization. All share and per share information reflect the Forward Stock Split. Recent Developments On March 7, 2025, we entered into a Selling Agency Agreement with Digital Offering, LLC, as selling agent, to sell up to 7,500,000 shares of our Class B Common Stock at a purchase price of $10.00 per share through a best-efforts offering pursuant to Regulation A under the Securities Act. The shares of Class B Common Stock were offered pursuant to our offering statement on Form 1-A, initially filed with the SEC on February 7, 2025 and initially qualified by the SEC on March 7, 2025. On March 28, 2025, we completed the offering and sold an aggregate of 7,500,000 shares of Class B Common Stock, resulting in aggregate gross proceeds of $75,000,000, before deducting commissions and other expenses payable to the selling agent. On March 31, 2025, shares of our Class B Common Stock began trading on the NYSE. 2 Implications of Being an Emerging Growth Company As an issuer with (i) less than $1.235 billion in total annual gross revenues during our last fiscal year, (ii) $700 million in market value of our capital stock held by non-affiliates and (iii) $1.07 billion in non-convertible debt over a three-year period, we qualify as an “emerging growth company” under the Jumpstart Our"
FATN,2025-04-08,-4.384613037109375,-28.00000264094426,-10.923077509953426,MISS,"” beginning on page 4 of this prospectus for a discussion of information that should be considered in connection with an investment in our securities. We are an “emerging growth company” under the federal securities laws and may elect to comply with certain reduced public company reporting requirements for future filings. Neither the Securities and Exchange Commission nor any foreign or state securities commission has approved or disapproved of these securities or passed upon the adequacy or accuracy of this prospectus. Any representation to the contrary is a criminal offense. We have granted the underwriters an option to purchase an additional shares of common stock from us, at the public offering price per share, less underwriting discounts and commissions, for 45 days from the date of this prospectus. The underwriters expect to deliver the shares of common stock to the purchasers on or about , 2024. The date of this prospectus is , 2024. Roth Capital Partners TABLE OF CONTENTS INDUSTRY AND MARKET DATA ii PROSPECTUS SUMMARY 1 THE OFFERING 3 RISK FACTORS 4 SPECIAL NOTE REGARDING FORWARD-LOOKING STATEMENTS 26"
ATHR,2025-04-10,-11.826083971106488,37.426086094068445,180.17392365828803,HIT,"” beginning on page 9. Neither the Securities and Exchange Commission nor any state securities commission has approved or disapproved of these securities or determined if this prospectus is truthful or complete. Any representation to the contrary is a criminal offense. Per Share Total Without Over-Allotment Option Total With Over-Allotment Option Initial public offering price $ $ $ Underwriting discounts and commissions (1) $ $ $ Proceeds to us, before expenses (2) $ $ $ (1) Please see “ Underwriting ” beginning on page 80 for additional information regarding underwriters’ compensation. (2) We have also agreed to issue to the representatives of the underwriters warrants to purchase a number of shares of common stock equal to seven percent (7%) of the total number of shares of common stock sold in this offering at an exercise price equal to one hundred percent (100%) of the initial public offering price of the shares of common stock sold in this offering. For a description of the other terms of compensation to be received by the underwriters, see “ Underwriting .” We have granted a 30-day option to the representatives of the underwriters to purchase up to 270,000 additional shares of common stock solely to cover over-allotments, if any. If the representatives of the underwriters exercise the option in full, the total underwriting discounts and commissions will be approximately $652,050 and the additional proceeds to us, before expenses, from the over-allotment option exercise will be approximately $1,129,950. The underwriters expect to deliver the shares to purchasers on or about , 2025. The Benchmark Company Axiom Capital"
TVA,2025-04-23,0.10010239350302436,0.7007072082314982,,MISS,"” beginning on page 49 for a discussion of information that should be considered in connection with an investment in our securities. Investors will not be entitled to protections normally afforded to investors in Rule 419 blank check offerings. Neither the U.S. Securities and Exchange Commission nor any state securities commission has approved or disapproved of these securities or determined if this prospectus is truthful or complete. Any representation to the contrary is a criminal offense. Table of Contents No offer or invitation, whether directly or indirectly, is being or may be made to the public in the Cayman Islands to subscribe for any of our securities. Per Unit Total Public offering price (1) $ 10.00 $ 200,000,000 Underwriting discounts and commissions $ 0.60 $ 12,000,000 Proceeds, before expenses, to us $ 9.40 $ 188,000,000 ____________ (1) Includes $0.20 per unit (excluding any units sold pursuant to the underwriters’ option to purchase additional units), or $4,000,000 in the aggregate (whether or not the underwriters’ option to purchase additional units is exercised), payable to CCM upon the closing of this offering. Also includes $0.40 per unit, or $8,000,000 in the aggregate or up to $9,200,000 in the aggregate if the underwriters’ over -allotment option is exercised in full, payable to CCM for deferred underwriting commissions to be deposited into a U.S. based trust account and released to CCM for its own account only upon the completion of an initial"
DAAQ,2025-04-29,1.442313247178637,5.288463566430296,,HIT,"” beginning on page 45 for a discussion of information that should be considered in connection with an investment in our securities. Investors will not be entitled to protections normally afforded to investors in Rule 419 blank check offerings. Per Unit Total Public offering price (1) : $ 10.00 $ 150,000,000 Underwriting discounts and commissions: $ 0.60 $ 9,000,000 Proceeds, before expenses, to us: $ 9.40 $ 141,000,000 ____________ (1) Includes (a) $0.20 per unit sold in the offering, or $3,000,000 in the aggregate (or $3,450,000 if the underwriters’ over -allotment option is exercised in full), payable to the underwriters upon the closing of this offering, of which (i) $0.10 per unit will be paid to the underwriters in cash and (ii) $0.10 per unit will be used by the underwriters to purchase private placement warrants; and (b) $0.40 per unit sold in the offering, or $6,000,000 in the aggregate (or $6,900,000 in the aggregate if the over -allotment option is exercised in full) payable to the underwriters in this offering, for deferred underwriting commissions to be placed in a trust account located in the United States and released to the underwriters only upon the completion of an initial"
TACO,2025-04-30,0.5825190760321927,0.5825190760321927,,MISS,"” beginning on page 48 for a discussion of information that should be considered in connection with an investment in our securities. Investors will not be entitled to protections normally afforded to investors in Rule 419 blank check offerings. Neither the U.S. Securities and Exchange Commission nor any state securities commission has approved or disapproved of these securities or determined if this prospectus is truthful or complete. Any representation to the contrary is a criminal offense. No offer or invitation, whether directly or indirectly, may be made to the public in the Cayman Islands to subscribe for our securities. Per Unit Total Public offering price $ 10.00 $ 250,000,000 Underwriting discounts and commissions (1) $ 0.60 $ 15,000,000 Proceeds, before expenses, to us $ 9.40 $ 235,000,000 (1) Includes $0.20 per unit (excluding any units sold pursuant to the underwriters’ option to purchase additional units), or $5,000,000 in the aggregate (whether or not the underwriters’ option to purchase additional units is exercised), payable to the underwriters upon the closing of this offering. Also includes up to $0.40 per unit, or up to $10,000,000 in the aggregate (or up to $11,500,000 if the overallotment option is exercised in full), payable to the underwriters in this offering, for deferred underwriting commissions to be placed in a trust account located in the United States and released to the underwriters only upon the completion of an initial"
COPL,2025-05-01,0.20000457763671872,0.39999961853027344,,MISS,"” beginning on page 41 of this prospectus. Securities offered 15,000,000 units (or 17,250,000 units if the underwriters’ over-allotment option is exercised in full), at $10.00 per unit, each unit consisting of: ● one Class A ordinary share; and ● one half of one warrant, each whole warrant exercisable to purchase one Class A ordinary share. NYSE symbols Units: “[ ]” Class A Ordinary Shares: “[ ]” Warrants: “[ ]” Trading commencement and separation of Class A ordinary shares and warrants The units will begin trading promptly after the date of this prospectus. The Class A ordinary shares and warrants comprising the units will begin separate trading on the 52nd day following the date of this prospectus unless Clear Street informs us of its decision to allow earlier separate trading, subject to our having filed the Current Report on Form 8-K described below and having issued a press release announcing when such separate trading will begin. Once the Class A ordinary shares and warrants commence separate trading, holders will have the option to continue to hold units or separate their units into the component securities. Holders will need to have their brokers contact our transfer agent in order to separate the units into Class A ordinary shares and warrants. No fractional warrants will be issued upon separation of the units and only whole warrants will trade. Accordingly, unless you purchase at least two units, you will not be able to receive or trade a whole warrant. Additionally, the units will automatically separate into their component parts and will not be traded after completion of our initial"
AII,2025-05-08,-2.7810610885408185,-0.8875717273141472,0.6508912002042331,MISS,"—Risks Related to Our Common Stock and this Offering— The JOBS Act will allow us to postpone the date by which we must comply with certain laws and regulations intended to protect investors and to reduce the amount of information we provide in our reports filed with the SEC. We cannot be certain if this reduced disclosure will make our Common Stock less attractive to investors .” If we were to subsequently elect instead to comply with these public company effective dates, such election would be irrevocable pursuant to Section 107 of the JOBS Act. We will cease to be an emerging growth company upon the earliest of: (i) the last day of the fiscal year in which we have $1.235 billion or more in annual revenues; (ii) the date on which we become a “large accelerated filer” (the fiscal year-end on which the total market value of our common equity securities held by non-affiliates is $700 million or more as of June 30); (iii) the date on which we issue more than $1.0 billion of non-convertible debt securities over a three-year period; or (iv) the last day of the fiscal year following the fifth anniversary of our initial public offering. Summary of Risk Factors Our"
APUS,2025-05-09,-15.909090909090908,-20.454545454545457,-25.0,MISS,"” beginning on page 9. Neither the Securities and Exchange Commission nor any state securities commission has approved or disapproved of these securities or passed upon the adequacy or accuracy of this prospectus. Any representation to the contrary is a criminal offense. Per Share Total Initial public offering price $ $ Underwriting discounts and commissions (1) $ $ Proceeds to us, before expenses $ $ (1) Underwriting discounts and commissions do not include a non -accountable expense allowance equal to 1.0% of the initial public offering price payable to the underwriters. We refer you to the section titled “Underwriting” beginning on page 112 for additional information regarding underwriters’ compensation. We have granted a 45 -day option to the underwriters to purchase up to additional shares of common stock solely to cover over -allotments , if any. The underwriters expect to deliver the shares to purchasers on or about , 2024. Sole Book -Running Manager The date of this prospectus is , 2024 Table of Contents TABLE OF CONTENTS Page PROSPECTUS SUMMARY 1 THE OFFERING 7 SUMMARY FINANCIAL DATA 8 RISK FACTORS 9 SPECIAL NOTE REGARDING FORWARD-LOOKING STATEMENTS 46"
PMTR,2025-05-13,-0.4901979575474675,-0.7352922614470139,,MISS,"” beginning on page 40 for a discussion of information that should be considered in connection with an investment in our securities. Investors will not be entitled to protections normally afforded to investors in Rule 419 blank check offerings. Neither the U.S. Securities and Exchange Commission (the “SEC”) nor any state securities commission has approved or disapproved of these securities or determined if this prospectus is truthful or complete. Any representation to the contrary is a criminal offense. No offer or invitation, whether directly or indirectly, may be made to the public in the Cayman Islands to subscribe for our securities. PER UNIT TOTAL Public offering price $ 10.00 $ 150,000,000 Underwriting discounts and commissions (1) $ 0.55 $ 8,250,000 Proceeds, before expenses, to us $ 9.45 $ 141,750,000 (1) Includes $0.35 per unit, or $5,250,000 in the aggregate (or $6,037,500 in the aggregate if the underwriter’s over-allotment option is exercised in full), payable to the underwriter for deferred underwriting commissions to be placed in a trust account located in the United States, as described herein, and released to the underwriter only upon the consummation of an initial"
RTAC,2025-05-15,1.232397425650129,3.8732442548886095,,MISS,"” beginning on page 50 . Investors will not be entitled to protections normally afforded to investors in Rule 419 blank check offerings. The underwriters are offering the units for sale on a firm commitment basis. Delivery of the units will be made on or about , 2025. Neither the Securities and Exchange Commission nor any state securities commission has approved or disapproved of these securities or passed upon the adequacy or accuracy of this prospectus. Any representation to the contrary is a criminal offense. No invitation, whether directly or indirectly, may be made to the public in the Cayman Islands to subscribe for our securities. This is an initial public offering of our securities. Each unit has an offering price of $10.00 and consists of one Class A ordinary share and one-half of one redeemable public warrant. Each whole public warrant entitles the holder thereof to purchase one Class A ordinary share at a price of $11.50 per full share, subject to adjustment as described in this prospectus. No fractional warrants will be issued upon separation of the units and only whole warrants will trade. Accordingly, unless you purchase at least two units, you will not be able to receive or trade a whole warrant. The warrants will become exercisable on the later of 30 days after the completion of our initial"
OFAL,2025-05-21,12.393171406356872,-53.205125266043055,-57.9059807506538,HIT,"” beginning on page 26 of this prospectus for more information. On February 17, 2023, with the approval of the State Council, the CSRC promulgated the Trial Administrative Measures of Overseas Securities Offering and Listing by Domestic Companies, or the Trial Measures, and five supporting guidelines, effective as of March 31, 2023. Pursuant to the Trial Measures, (i) domestic companies that seek to offer or list securities overseas, both directly and indirectly, shall complete filing procedures with the CSRC pursuant to the requirements of the Trial Measures within three working days following their submission of initial public offerings or listing applications. If a domestic company fails to complete the required filing procedures or conceals any material fact or falsifies any major content in its filing documents, such domestic company may be subject to administrative penalties, such as an order to rectify, warnings and fines, and its controlling shareholders, actual controllers, the person directly in charge and other directly liable persons may also be subject to administrative penalties, such as warnings and fines; (ii) if the issuer meets both of the following criteria, the overseas offering and listing conducted by such issuer shall be deemed an indirect overseas offering and listing by a PRC domestic company: (A) 50% or more of any of the issuer’s operating revenue, total profit, total assets or net assets as documented in its audited consolidated financial statements for the most recent fiscal year were derived from PRC domestic companies; and (B) the majority of the issuer’s"
HNGE,2025-05-22,7.401487427190929,-6.762515502285213,14.776355255958967,HIT,"” beginning on page 24 to read about factors you should consider before deciding to invest in our Class A common stock. PRICE $ A SHARE Price to Public Underwriting Discounts and Commissions (1) Proceeds to Hinge Health (2) Proceeds to Selling Stockholders (2) Per share $ $ $ $ Total $ $ $ $ (1) See the section titled “Underwriters” for additional information regarding compensation payable to the underwriters. (2) Before expenses. The underwriters have the option for a period of 30 days to purchase up to an additional shares of our Class A common stock from the selling stockholders at the initial public offering price less the underwriting discounts and commissions. The Securities and Exchange Commission and state securities regulators have not approved or disapproved these securities or determined if this prospectus is truthful or complete. Any representation to the contrary is a criminal offense. The underwriters expect to deliver the shares of Class A common stock to purchasers on , 2025. MORGAN STANLEY BARCLAYS BOFA SECURITIES EVERCORE ISI RBC CAPITAL MARKETS TRUIST SECURITIES STIFEL WILLIAM BLAIR PIPER SANDLER CANACCORD GENUITY KEYBANC CAPITAL MARKETS NEEDHAM & COMPANY RAYMOND JAMES KKR , 2025 Table of Contents Hinge Health Join the movement We are building a new health system that transforms outcomes, experience and costs by using technology to scale and automate the delivery of care. We provide health care that's personalized, delivered with compassion, and treats the whole person - body and mind. We've started by transforming musculoskeletal care so that people can get back to the things they love. Table of Contents What would you like to focus on? Select up to 3 areas Shoulder Neck/Upper back Lower Back Knee Wrist 0/5 Enso 45% Intensity average Deep 1 hr 33 mins 40% - + You hit your goal! 3/3 3 Total exercise sessions 2 Weekly goal streak Table of Contents Facts and figures For the year ended December 31, 2024 $468M 42% LTM calculated billings1 Y/Y billings growth2 $390M 33% Revenue Y/Y revenue growth2 77% 78% GAAP gross margin3 Non-GAAP gross margin3 $49M $45M Net cash from operating activities Free cash flow3 116% ~20M Net dollar retention1 Contracted lives1 1M+ Lifetime members1 See section titled ""Glossary of Terms"" for definitions of calculated billings, net dollar retention, contracted lives and members. See section titled """
MNTN,2025-05-22,-5.386950088826295,-24.468894588744963,-20.333840994854498,MISS,"” beginning on page 18 of this prospectus. ​ PRICE $ SHARE ​ ​ ​ ​ Per Share ​ ​ Total ​ Initial public offering price ​ ​ ​ $ ​ ​ ​ ​ $ ​ ​ Underwriting discounts and commissions (1) ​ ​ ​ $ ​ ​ ​ ​ $ ​ ​ Proceeds to us, before expenses ​ ​ ​ $ ​ ​ ​ ​ $ ​ ​ Proceeds to selling stockholders, before expenses ​ ​ ​ $ ​ ​ ​ ​ $ ​ ​ ​ ​ (1) See “Underwriters” for a description of the compensation payable to the underwriters. ​ We and the selling stockholders have granted the underwriters an option for a period of 30 days to purchase up to an additional and of shares of our Class A common stock, respectively, to cover over-allotments, if any, at the initial public offering price less underwriting discounts and commissions. We will not receive any proceeds from the sale of shares of our Class A common stock offered by the selling stockholders, including upon the sale of shares of our Class A common stock by the selling stockholders if the underwriters exercise their option. At our request, the underwriters have reserved up to 3% of the shares of Class A common stock to be issued by us and offered under this prospectus, for sale at the initial public offering price through a directed share program to certain individuals identified by our"
CRCL,2025-06-05,81.4970460961894,156.67427161651767,159.6419528865886,HIT,"” beginning on page 34 of this prospectus. Per share Total Initial public offering price $ $ Underwriting discounts and commissions(1) $ $ Proceeds to us, before expenses $ $ Proceeds to the selling stockholders, before expenses $ $ (1) See “Underwriting” for a description of all compensation payable to the underwriters. We and the selling stockholders have granted the underwriters an option for a period of 30 days to purchase up to and additional shares of Class A common stock, respectively, to cover over-allotments. Neither the Securities and Exchange Commission nor any state securities commission has approved or disapproved of these securities or determined if this prospectus is truthful or complete. Any representation to the contrary is a criminal offense. The underwriters expect to deliver the shares to purchasers on or about , 2025 through the book-entry facilities of The Depository Trust Company. J.P. Morgan Citigroup Barclays Deutsche Bank Securities SOCIETE GENERALE BNY Capital Markets Canaccord Genuity Needham & Company Oppenheimer & Co. Santander , 2025 Table of Contents CIRCLE Table of Contents MISSIONOur mission is to raiseglobal economic prosperitythrough the frictionlessexchange of value^^gIf you could take what we think of as money, make it digital andavailable on the internet, then that would dramatically change theway we use money and open up opportunity around the world.Thats the idea behind Circle. JEREMY ALLAIRECo-founder, Chief Executive Officer & Chairman Table of Contents ABOUT USDCFully backed digital dollars1Built for rapid global payments and 24/7 financial markets, USDC is a regulated digital currency that is redeemable 1:1 for US dollars.2($)$59.4BUS DC in circulation 31. Fully backed by reserves consisting of highly liquid, price-stable cash and cash equivalents.2. Circle Mint customers are able to redeem USDC directly from Circle. In addition, Circle Internet Financial Europe SAS is obligated underthe Markets in Crypto-Assets Regulation (MiCAR"") to redeem all USDC presented to it for redemption on a 1:1 basis for U.S. dollars, regardless of whether the holder is a Circle Mint customer. As of March 28, 2025. Table of Contents USDC LIQUIDITYNear-instant settlementUSDC transactions can settle inseconds worldwide. All day, every day. $1 trillionUSDC minted and redeemed since founding 4 $25TUSDC lifetime onchaintransaction volume 4 4. As of March 28, 2025. Table of Contents CIRCLE PLATFORMEnterprise-grade productsCircle empowers developers to build onchain payment solutions with compliance, transparency, and near-instant processing.o+ 500 +Partners building solutions with us5 400 +Smart Contracts transacting with USDC 5 19Blockchains withnative USDC issuance 5 $25BNative USDC transferred between blockchains since April 2023 5 Table of Contents USDC ECOSYSTEMGlobal network& accessibilityUSDC enables businesses to offer payment connectivity and dollar-backed financial services to more people in more places.185+ 600M + Countries where Circle supports wire transfers for minting and redeeming USDC6End-user wallet products with access to USDC7 6. Circle Mint is currently available only to institutions and is not available to individuals.7. As of March 28,2025. Table of Contents Table of contents Founder’s letter 1 Glossary 6 Prospectus summary 10 Risk factors 34 Cautionary statement regarding forward-looking statements 82"
OMDA,2025-06-06,-34.08695718516474,-23.434779954993207,-16.391306338102922,MISS,""" beginning on page 18 to read about factors you should consider before buying shares of our common stock. Neither the Securities and Exchange Commission nor any state securities commission has approved or disapproved of these securities, or passed upon the accuracy or adequacy of this prospectus. Any representation to the contrary is a criminal offense. The underwriters expect to deliver the shares of common stock to purchasers on , 2025. Morgan Stanley Goldman Sachs & Co. LLC J.P. Morgan , 2025 Table of Contents Our Mission Bend the curve of obesity of prediabetes of hypertension of diabetes of musculoskeletal disease Table of Contents ""When you see the results, like whether youre losing weight or your sugars are keeping level, it feels good, because you know youre doing something right. It has enabled me to be accountable to myself and to implement what Ive learned. Knowing and actually really doing it is two different things. They provide the references and tools that you need to succeed to be a healthier you."" Anthony, Omada member, speaking about his experience with Omada Image features actual Omada member. Testimonial is based on the individuals real experience and results. We do not claim these are typical results that members will achieve. Results may vary. This testimonial was gathered as part of user research for ongoing product development. The member was compensated for time spent in providing the feedback, which was written by the member and not Omada. Table of Contents 738B Steps counted 20M+ Benefit-covered individuals 2,000+ Customers 90% Customer retention 1M Members Enrolled Images, including apps, do not reflect real members or information about a specific person unless otherwise stated. All data as of March 31, 2025, except for steps counted, which is as of December 31, 2024, customer retention, which is an average for the year ended December 31, 2024, and benefit-covered individuals, which is estimated as of December 31, 2024. Benefit-covered individuals must also have a clinical need to enroll. Table of Contents 149M Meals tracked 78M Blood glucose readings 902K Meals with kale 9.7M Pounds lost 5.4M ""Thank you""s All data from inception to December 31, 2024. Table of Contents A member journey that builds confidence and structure for long-term, sustained behavior change. Email introduction to Omada from work Apply Receive acceptance notification PROGRAM START Receive welcome kit Meet the coach via welcome video Start messaging with dedicated coach Start using new connected devices Join a group of member peers Track steps & meals Complete the first SMART goal Sign up for first charity walk Get advice from specialist on readings Add Breakfast Add Lunch Add Dinner Data auto syncs to members account Glucose Day Week Mo Today CGM + BGM Readings 198 mg/dl 300 250 200 150 100 50 0 12a 3 6 9 12p 3 6 9 12a Todays Notes 2:30 198 mg/dl CGM 2 slices of pepperoni pizza for lunch today. I usually have 3 so View all notes Glucose Levels & Color Code Table of Contents Our Vision To deliver unrivaled virtual care between doctors visits through a simple, elegant, and seamless experience for both members and buyers. Improve hemoglobin A1C levels Primary care provider (""PCP"") check-up Stop 2 medications after PCP approves Care team & member celebrate progress Table of Contents TABLE OF CONTENTS PROSPECTUS Page Glossary i An Introduction From Our Co-Founder and CEO v Prospectus Summary 1 The Offering 12 Summary Consolidated Financial Data 14 Risk Factors 18 Special Note Regarding Forward-Looking Statements 76 Market and Industry Data 79"
ASIC,2025-06-11,-8.508915540934266,-16.126416098145917,-13.654784430965572,MISS,"” beginning on page 16 to read about factors you should consider before purchasing shares of our common stock. Neither the Securities and Exchange Commission (“SEC”) nor any state securities commission or regulatory authority has approved or disapproved of these securities or determined if this prospectus is truthful or complete. Any representation to the contrary is a criminal offense. ​ ​ ​ ​ Per share ​ ​ Total ​ ​ Initial public offering price ​ ​ ​ $ ​ ​ ​ ​ $ ​ ​ ​ Underwriting discounts and commissions(1) ​ ​ ​ $ ​ ​ ​ ​ $ ​ ​ ​ Proceeds to us, before expenses ​ ​ ​ $ ​ ​ ​ ​ $ ​ ​ ​ (1) See “Underwriting” for a description of compensation to be paid to the underwriters. At our request, the underwriters have reserved for sale, at the initial public offering price, up to % of the shares offered by this prospectus, excluding the additional shares that the underwriters have an option to purchase, for sale to certain of our employees, certain of our directors and certain other parties. See “Underwriting—Directed Share Program.” We have granted the underwriters an option for a period of 30 days from the date of this prospectus to purchase up to an additional shares of our common stock from us at the initial public offering price less the underwriting discounts and commissions to cover over-allotments. The underwriters expect to deliver the shares of common stock through the book-entry facilities of the Depository Trust Company on or about , 2025. ​ J.P. Morgan ​ ​ Barclays ​ , 2025 TABLE OF CONTENTS ​ Table of contents ​ ​ ​ Page ​ About this prospectus ​ ​ ​ ​ i ​ ​ Prospectus summary ​ ​ ​ ​ 1 ​ ​ Risk factors ​ ​ ​ ​ 16 ​ ​ Forward-looking statements ​ ​ ​ ​ 55 ​ ​"
VOYG,2025-06-11,-23.796031755734017,-29.17846968095744,-25.07082146277837,MISS,"” beginning on page 39 to read about factors you should consider before buying shares of our Class A common stock. Per share Total Initial public offering price $ $ Underwriting discounts and commissions (1) $ $ Proceeds, before expenses, to us $ $ ________________ (1) See “ Underwriting ” for additional information regarding underwriting compensation. At our request, the underwriters have reserved percent of the shares of Class A common stock to be issued by us and offered by this prospectus for sale, at the initial public offering price, to certain of our directors, officers and employees and friends and family members of certain of our directors, officers and employees. The number of shares of Class A common stock available for sale to the general public will be reduced to the extent these individuals purchase such reserved shares. Any reserved shares that are not so purchased will be offered by the underwriters to the general public on the same basis as the other shares offered by this prospectus. Morgan Stanley & Co. LLC will administer our directed share program. See “Underwriting — Directed Share Program.” We have granted the underwriters an option to purchase up to additional shares of Class A common stock, solely to cover over-allotments, if any, from us at the initial public offering price, less the underwriting discounts and commissions, within 30 days from the date of this prospectus. Neither the Securities and Exchange Commission, any state securities commission nor any other regulatory body has approved or disapproved of these securities or determined if this prospectus is truthful or complete. Any representation to the contrary is a criminal offense. The underwriters expect to deliver the shares to purchasers on or about , 2025. MORGAN STANLEY J.P. MORGAN Barclays Jefferies BofA Securities KeyBanc Capital Markets Wolfe | Nomura Alliance Prospectus dated , 2025. TABLE OF CONTENTS Page ABOUT THIS PROSPECTUS 1 PROSPECTUS SUMMARY 6 THE OFFERING 30 SUMMARY CONSOLIDATED FINANCIAL AND OTHER DATA 34 RISK FACTORS 39 SPECIAL NOTE REGARDING FORWARD-LOOKING STATEMENTS 85"
CHYM,2025-06-12,-21.85394900826096,-15.602265751276398,-9.916465224064892,MISS,"” beginning on page 21 to read about factors you should consider before buying shares of our Class A common stock. Neither the Securities and Exchange Commission nor any state securities commission has approved or disapproved of these securities or passed upon the accuracy or adequacy of this prospectus. Any representation to the contrary is a criminal offense. Per share Total Initial public offering price $ $ Underwriting discount (1) $ $ Proceeds, before expenses, to Chime Financial, Inc. $ $ __________________ (1) See the section titled “Underwriters” for a description of the compensation payable to the underwriters. To the extent that the underwriters sell more than shares of Class A common stock, the underwriters have the option to purchase up to an additional shares from Chime Financial, Inc. at the initial public offering price less the underwriting discount. The underwriters expect to deliver the shares against payment in New York, New York, on or about , 2025. Morgan Stanley Goldman Sachs & Co. LLC J.P. Morgan Barclays Evercore ISI UBS Investment Bank Deutsche Bank Securities Piper Sandler Wolfe | Nomura Alliance William Blair Canaccord Genuity Keefe, Bruyette & Woods A Stifel Company First Citizens Capital Securities Texas Capital Securities Prospectus dated , 2025 Table of Contents Table of Contents Table of Contents Table of Contents Table of Contents Table of Contents Table of Contents Table of Contents TABLE OF CONTENTS GLO SSARY OF TERMS iii LETTER FROM OUR FOUNDERS vi PROSPECTUS SUMMARY 1 RISK FACTORS 21 SPECIAL NOTE REGARDING FORWARD-LOOKING STATEMENTS 68 INDUSTRY, MARKET , AND OTHER DATA 70"
AIRO,2025-06-13,-8.750001589457195,-11.291662851969402,-12.62500286102295,MISS,"” beginning on page 16 of this prospectus to read about factors you should consider before buying shares of our common stock. Neither the Securities and Exchange Commission nor any state securities commission has approved or disapproved of these securities or determined if this prospectus is truthful or complete. Any representation to the contrary is a criminal offense. Per Share Total Initial public offering price $ $ Underwriting discounts and commissions (1) $ $ Proceeds, before expenses, to us (2) $ $ (1) We have also agreed to issue to certain of the underwriters warrants exercisable for the number of shares of our common stock equal to 5% of the total number of shares of common stock sold in this offering (which we refer to as the “Underwriters’ Warrants”). See the section titled “Underwriting” for additional information regarding underwriting discounts and commissions, expenses, and other compensation payable to the underwriters. (2) The proceeds, before expenses, to us presented in this table do not give effect to any exercise by the underwriters of (i) the option we have granted to the underwriters to purchase additional shares of our common stock from us as described below or (ii) the Underwriters’ Warrants. We have granted the underwriters an option to purchase up to additional shares of our common stock from us at the public offering price, less underwriting discounts and commissions, for a period of 30 days from the date of this prospectus to cover over-allotments, if any. Delivery of the shares of our common stock is expected on or about , 2025. Cantor BTIG Mizuho Bancroft Capital, LLC Prospectus dated , 2025 TABLE OF CONTENTS PROSPECTUS SUMMARY 1 RISK FACTORS 16 SPECIAL NOTE REGARDING FORWARD-LOOKING STATEMENTS 60 MARKET, INDUSTRY AND OTHER DATA 62"
AXIN,2025-06-18,0.0,,,MISS,"” beginning on page 51 for a discussion of information that should be considered in connection with an investment in our securities. Investors will not be entitled to protections normally afforded to investors in Rule 419 blank check offerings. Neither the U.S. Securities and Exchange Commission nor any state securities commission has approved or disapproved of these securities or determined if this prospectus is truthful or complete. Any representation to the contrary is a criminal offense. No offer or invitation, whether directly or indirectly, is being or may be made to the public in the Cayman Islands to subscribe for any of our securities. Per Unit Total Public offering price (1) $ 10.00 $ 150,000,000 Underwriting discounts and commissions $ 0.60 $ 9,000,000 Proceeds, before expenses, to us $ 9.40 $ 141,000,000 ____________ (1) Includes $0.20 per unit (including any units sold pursuant to the underwriters’ option to purchase additional units), or $3,000,000 in the aggregate (or up to $3,450,000 if the underwriters’ over -allotment option is exercised in full), payable to the underwriters upon the closing of this offering. Also includes $0.40 per unit on all units sold including those sold pursuant to the underwriters’ option to purchase additional units, or $6,000,000 in the aggregate (or up to $6,900,000 in the aggregate if the underwriters’ over -allotment option is exercised in full) payable to the underwriters for deferred underwriting commissions to be deposited into a trust account located in the United States and released to the underwriters for their own account only upon the completion of an initial"
CAI,2025-06-18,-4.571431023733957,-4.928568431309292,0.14286041259765625,MISS,"” section beginning on page 21 of this prospectus. ​ ​ ​ ​ Per Share ​ ​ Total ​ Public offering price ​ ​ ​ $ ​ ​ ​ ​ ​ $ ​ ​ ​ Underwriting discount (1) ​ ​ ​ $ ​ ​ ​ ​ ​ $ ​ ​ ​ Proceeds, before expenses, to us ​ ​ ​ $ ​ ​ ​ ​ ​ $ ​ ​ ​ ​ (1) We refer you to “Underwriting” for additional information regarding underwriting compensation. ​ The underwriters may also exercise their option to purchase up to an additional shares of Class A common stock from us, at the public offering price, less the underwriting discount, for 30 days after the date of this prospectus. Neither the Securities and Exchange Commission nor any state securities commission has approved or disapproved of these securities or determined if this prospectus is truthful or complete. Any representation to the contrary is a criminal offense. The shares will be ready for delivery on or about , 2025. ​ BofA Securities J.P. Morgan Goldman Sachs & Co. LLC Citigroup ​ TD Cowen ​ ​ Evercore ISI ​ ​ Guggenheim Securities ​ ​ BTIG ​ ​ ​ ​ ​ Wolfe | Nomura Alliance ​ ​ The date of this prospectus is , 2025. TABLE OF CONTENTS Where Molecular Science Meets Artificial Intelligence Arizona blood lab; the entrance lobby of Caris’ Phoenix, Arizona tissue lab; tissue sample storage in Caris’ Phoenix, Arizona tissue lab; a Caris laboratory technician preparing a centrifuge for Caris Assure™ profiling of patient blood samples; a Caris laboratory technician preparing patient blood samples for Caris Assure™ profiling; a Caris laboratory technician microdissecting a patient tissue sample in preparation for MI Profile™ analysis; Caris laboratory technicians in our Phoenix, Arizona blood lab; sequencing machines in Caris’ Phoenix, Arizona blood lab. TABLE OF CONTENTS By the Numbers Profiling, Data & Technology Publications, Patents & People Data points are as of March 31, 2025. TABLE OF CONTENTS Case Volume Growth (Thousands*) Clinical Cases Biopharma & External Research Cases 172.6 31% CAGR 136.9 2019-2024 103.4 162.9 77.5 30% Year-Over-Year Growth Rate 128.8 61.5 97.3 47.3 45.1 36.5 75.3 59.9 45.9 34.9 42.8 2019 2020 2021 2022 2023 2024 Q1 2024 Q1 2025 *Figures reflect case volume for the periods presented. Figures may not sum precisely due to rounding. TABLE OF CONTENTS Revenue Growth ($ Millions*) Molecular Profiling Services Pharma Research & Development Services 28% CAGR 2019-2024 $306.1 $258.5 $278.7 ($79.1) ($175.8) ($324.0) ($320.8) ($341.4) ($281.9) ($111.0) ($102.6) NET (LOSS) *Figures reflect revenue for the periods presented. Figures may not sum precisely due to rounding. TABLE OF CONTENTS ​ TABLE OF CONTENTS ​ ​ ​ PAGE ​ LETTER FROM DAVID DEAN HALBERT, FOUNDER, CHAIRMAN, AND CEO ​ ​ ​ ​ iii ​ ​ PROSPECTUS SUMMARY ​ ​ ​ ​ 1 ​ ​ RISK FACTORS ​ ​ ​ ​ 21 ​ ​ SPECIAL NOTE REGARDING FORWARD-LOOKING STATEMENTS ​ ​ ​ ​ 100 ​ ​ MARKET AND INDUSTRY DATA ​ ​ ​ ​ 102 ​ ​"
SLDE,2025-06-18,6.962962209442515,-6.320991045163002,-9.679007824556326,HIT,". ” These and other factors could cause future performance to differ materially from such data and estimates. See “ Special Note Regarding Forward-Looking Statements. ” Non-GAAP Financial Measures We present our results of operations in a way that we believe will be the most meaningful and useful to investors, analysts, rating agencies and others who use our financial information to evaluate our performance. Some of the measurements are not required by, or presented in accordance with accounting principles generally accepted in the United States of America (“GAAP”) under SEC rules and regulations. We refer to these measures as “non-GAAP financial measures.” For example, in this prospectus, we present combined ratio, excluding catastrophic losses & prior year claims development, tangible shareholders’ equity and return on tangible equity, which are non-GAAP financial measures as defined in Item 10(e) of SEC Regulation S-K. We believe that non-GAAP financial measures, which may be defined and calculated differently by other companies, help explain and enhance the understanding of our results of operations. However, these measures should not be viewed as a substitute for those determined in accordance with GAAP. Reconciliations of our non-GAAP financial measures to the most comparable GAAP figures are included in this prospectus. For further discussion, see “ Prospectus Summary—Summary Consolidated Financial and Other Data. ” Trademarks and Service Marks This prospectus contains references to a number of trademarks and service marks which are our registered trademarks or service marks, or trademarks or service marks for which we have pending applications or common law rights. Trade names, trademarks and service marks of other companies appearing in this prospectus are the property of their respective holders. Solely for convenience, the trademarks, service marks and trade names are referred to in this prospectus without the ® , TM or SM symbols, but such references are not intended to indicate, in any way, that we or other owner thereof will not assert, to the fullest extent under applicable law, our or such owner’s rights to these trademarks, service marks and trade names. We do not intend our use or display of other companies’ trademarks, service marks or trade names to imply a relationship with, or endorsement or sponsorship of us by, such other companies. Stock Split After the effectiveness of the registration statement of which this prospectus forms a part and before the automatic conversion of all shares of Series A preferred stock held by certain key holders immediately prior to the completion of this offering into an equal number of shares of common stock, which will occur immediately prior to the closing of this offering, we will effectuate an approximately -for-1 forward stock split, or the Stock Split, of our common stock. No fractional shares of common stock shall be issued upon the Stock Split. If the Stock Split would result in any fractional share (after aggregating all fractional shares a holder would otherwise ii Table of Contents be entitled to receive in connection with the Stock Split), such fractional share will be rounded to the nearest whole share. The audited consolidated financial statements and unaudited condensed consolidated financial statements and related notes to those statements, included elsewhere in this prospectus, have not been adjusted for the Stock Split. Unless otherwise indicated, all other share and per share data in this prospectus have been retroactively adjusted, where applicable, to reflect the Stock Split as if it had occurred at the beginning of the earliest period presented. Until , 2025 all dealers that buy, sell or trade these securities, whether or not participating in this offering, may be required to deliver a prospectus. This is in addition to the dealers’ obligation to deliver a prospectus when acting as underwriters and with respect to their unsold allotments or subscriptions. iii Table of Contents PROSPECTUS SUMMARY This summary highlights information contained elsewhere in this prospectus. This summary may not contain all of the information that you should consider before deciding to invest in our common stock. You should read this entire prospectus carefully, including the “Risk Factors” section and the consolidated financial statements and the notes to those statements. Who We Are Launched in 2021, we are a technology enabled, fast-growing, coastal specialty insurer. We focus on profitable underwriting of single family and condominium policies in the property and casualty (“P&C”) industry in coastal states along the Atlantic seaboard through our insurance subsidiary, Slide Insurance Company (“SIC”). We utilize our differentiated technology and data-driven approach to focus on market opportunities that are underserved by other insurance companies. We acquire policies both from inorganic block acquisitions and subsequent renewals, as well as new"
JCAP,2025-06-26,-5.717374978138535,-9.115428536156292,-5.016182628108186,MISS,"” section beginning on page 35 of this prospectus for factors you should consider before investing in our common stock. ​ ​ ​ ​ ​ Per Share ​ ​ Total ​ ​ Public offering price ​ ​ ​ $ ​ ​ ​ ​ $ ​ ​ ​ Underwriting discounts and commissions (1) ​ ​ ​ $ ​ ​ ​ ​ $ ​ ​ ​ Proceeds, before expenses, to us ​ ​ ​ $ ​ ​ ​ ​ $ ​ ​ ​ Proceeds, before expenses, to the selling stockholders ​ ​ ​ $ ​ ​ ​ ​ $ ​ ​ ​ ​ (1) See “Underwriting” for additional information regarding underwriting compensation. ​ At our request, the underwriters have reserved percent of the shares of common stock to be issued by us and offered by this prospectus for sale, at the initial public offering price, to certain of our directors, officers and employees and friends and family members of certain of our directors, officers and employees. The number of shares of common stock available for sale to the general public will be reduced to the extent these individuals purchase such reserved shares. Any reserved shares that are not so purchased will be offered by the underwriters to the general public on the same basis as the other shares offered by this prospectus. Jefferies LLC will administer our directed share program. See “Underwriting — Directed Share Program.” The selling stockholders have granted the underwriters an option for a period of 30 days to purchase up to an additional shares of our common stock at the initial public offering price, less underwriting discounts and commissions. We will not receive any proceeds from the sale of shares of our common stock offered by the selling stockholders, including upon the sale of shares of our common stock by the selling stockholders if the underwriters exercise their option to purchase additional shares of our common stock. Immediately following this offering, funds controlled by our sponsor, J.C. Flowers & Co. LLC (“J.C. Flowers”), will beneficially own shares collectively representing approximately % of the voting power of our outstanding shares of common stock (or % if the underwriters exercise in full their option to purchase additional shares of our common stock from the selling stockholders). As a result, we expect to be a “controlled company” within the meaning of the corporate governance rules of the Nasdaq. As a “controlled company,” we are permitted to elect not to comply with certain corporate governance rules of the Nasdaq. See the section titled “"
INAC,2025-07-01,0.4032254188043424,0.4637049054814546,,MISS,"” beginning on page 30 for a discussion of the information that should be considered in connection with an investment in our securities. Investors will not be entitled to protections normally afforded to investors under Rule 419 blank check offerings. Neither the SEC nor any state securities commission has approved or disapproved of these securities or determined if this prospectus is truthful or complete. Any representation to the contrary is a criminal offense. Per Unit Total Public offering price $ 10.00 $ 100,000,000 Underwriting discounts and commissions (1) $ 0.55 $ 5,500,000 Proceeds, before expenses, to Indigo Acquisition Corp. $ 9.45 $ 94,500,000 ____________ (1) Includes $0.20 per unit, or $2,000,000 in the aggregate (or up to $2,300,000 if the overallotment option is exercised in full), payable to EBC upon the closing of this offering. Also includes $0.35 per unit, or up to $3,500,000 in the aggregate (or up to $4,025,000 if the overallotment option is exercised in full), payable to EBC in this offering for deferred underwriting commissions to be placed in a trust account located in the United States and released to EBC only upon the completion of an initial"
CV,2025-07-02,24.857139587402344,21.428571428571427,14.857142312186106,HIT,"” beginning on page 14 of this prospectus before you make your decision to invest in our common stock. Neither the Securities and Exchange Commission nor any state securities commission has approved or disapproved of these securities or determined if this prospectus is truthful or complete. Any representation to the contrary is a criminal offense. Per Share Total Initial public offering price (1) $ $ Underwriting discounts and commissions (2) $ $ Proceeds to us, before expenses $ $ (1) Assuming an initial public offering price is $ , the midpoint of the range set forth on the cover page of this prospectus. (2) See the section titled “Underwriting” beginning on page 162 for additional information regarding compensation payable to the underwriters. In addition to the underwriting discounts and commissions referred to in the table above, we have agreed to issue, upon closing of this offering, warrants to the representative of the underwriters to purchase 3% of the total number of shares of common stock sold in this offering at a per share price equal to 125% of the public offering price (the “Representative’s Warrants”). The registration statement of which this prospectus is a part also covers the Representative’s Warrants and the shares of common stock issuable upon the exercise thereof. See section entitled “Underwriting” on page 162 for more information. We have granted to the underwriters an option exercisable for a period of 30 days from the closing of this offering to purchase up to additional shares of our common stock from us at the initial public offering price, less the underwriting discounts and commissions, solely to cover over-allotments, if any. The underwriters expect to deliver the shares of common stock to investors on or about , 2025. Joint Book-Running Managers The Benchmark Company Roth Capital Partners The date of this prospectus is , 2025. Table of Contents TABLE OF CONTENTS Page About This Prospectus ii Cautionary Note Regarding Forward-Looking Statements iii Prospectus Summary 1 The Offering 9 Summary Financial Data 11 Risk Factors 14"
CARL,2025-07-23,-6.2068939208984375,-8.620689655172415,-10.965518293709591,MISS,"” starting on page 15 of this prospectus. Neither the Securities and Exchange Commission nor any state securities commission has approved or disapproved of these securities or passed upon the adequacy or accuracy of this prospectus. Any representation to the contrary is a criminal offense. The underwriters expect to deliver the shares of common stock to the purchasers on or about , 2025. BofA Securities Goldman Sachs & Co. LLC Piper Sandler Truist Securities BTIG , 2025 carlsmed PIONEERING AI-ENABLED PERSONALIZED SPINE SURGERY The aprevo® Technology Platform END-TO-END INTEGRATED DIGITAL TECHNOLOGY PLATFORM PRE-OP myaprevo AI-enabled 3D planning & visualization software INTRA-OP aprevo Custom-made anatomically designed interbody fusion device POST-OP aprevo intelligence Post-operative data insights & analysis PRE-OPERATIVE myaprevo application provides interactive 3D visualizations REVIEW Case Details PATHOLOGY Personalized Correction PLAN Device Designs APPROVE Plan or Provide Changes TRACK Digital Production INTRA-OPERATIVE aprevo application provides interactive 3D visualizations PERSONALIZED INTERBODY IMPLANTS PURPOSEFULLY DESIGNED After the myaprevo® plan is approved by the surgeon, aprevo® interbody implants are 3D printed, sterile packed, and delivered to the OR within 10"
NIQ,2025-07-23,-10.941609146042602,-7.680173457352798,-11.099424434229332,MISS,".” Trademarks, Service Marks and Trade Names This prospectus includes our trademarks, service marks and trade names such as NIQ and the NIQ logo, which are protected under applicable intellectual property laws and are our property or the property of our subsidiaries. This prospectus may also contain trademarks, service marks and trade names of other companies, which are the property of their respective owners, including NielsenIQ and other trademarks and service marks that we license from a subsidiary of Nielsen Holdings, our former parent company. We do not intend our use or display of other companies’ trademarks, service marks or trade names to imply, and such use or display should not be construed to imply a relationship with, or endorsement or sponsorship of us by, any other companies. Solely for convenience, the trademarks, service marks and trade names referred to in this prospectus are listed without the ® , sm and TM symbols, but such references are not intended to indicate, in any way, that we will not assert, to the fullest extent permitted under applicable law, our rights or the rights of the applicable licensor to these trademarks, service marks and trade names. Non-GAAP Financial Measures This prospectus contains “non-GAAP financial measures,” including EBITDA, Adjusted EBITDA, Adjusted EBITDA Margin, Free Cash Flow, Adjusted Net (Loss) Income, and Adjusted Loss Per Share. These are financial measures that are not calculated or presented in accordance with generally accepted accounting principles in the United States (“GAAP”). We consider them to be important supplemental measures of our performance and liquidity and believe they are useful to securities analysts, investors, and other interested parties in their evaluation of our operating performance and liquidity. These measures reflect the results from the primary operations of our"
ARX,2025-07-24,2.0754688190964035,8.679242404002064,-23.962265590451796,HIT,"” beginning on page 26. Price to Public Underwriting Discounts and Commissions (1) Proceeds to Accelerant Proceeds to Selling Shareholder Per Share $ $ $ Total $ $ $ (1) See the section titled “Underwriters” for a description of the compensation payable to the underwriters. We and the Selling Shareholder have granted the underwriters the option for a period of 30 days to purchase up to an additional Class A common shares on the same terms as set forth above. Neither the Securities and Exchange Commission (“SEC”) nor any other regulatory body has approved or disapproved of these securities or determined if this prospectus is truthful or complete. Any representation to the contrary is a criminal offense. The underwriters expect to deliver the Class A common shares to purchasers on , 2025. Morgan Stanley Goldman Sachs & Co. LLC BMO Capital Markets RBC Capital Markets Piper Sandler Wells Fargo Securities William Blair Raymond James TD Securities Citizens Capital Markets FT Partners The date of this prospectus is , 2025. Table of Contents Our mission To be the preeminent specialty insurance marketplace Table of Contents A bird’s eye view of Accelerant $3.5B 96 Exchange Written Premium1 Risk Capital Partners2 232 Operating in 20+ Members 2 Countries 2 (1) For the trailing 12 months ended March 31, 2025 (2) As of March 31, 2025 Table of Contents Accelerant Table of Contents TABLE OF CONTENTS PROSPECTUS SUMMARY 1 RISK FACTORS 26 CAUTIONARY NOTE REGARDING FORWARD-LOOKING STATEMENTS 73"
LHAI,2025-07-24,-13.499115691533287,17.22912558569238,55.59502754560316,HIT,"” for a further discussion of our risks. We are an “emerging growth company” and a smaller reporting company under the federal securities laws and, as such, we have elected to comply with certain reduced public company reporting requirements for this prospectus and for future filings. Investing in our common stock involves a high degree of risk. See “Risk Factors” beginning on page 13 to read about factors you should consider before buying shares of our common stock. Neither the Securities and Exchange Commission nor any other regulatory body has approved or disapproved of these securities or passed upon the accuracy or adequacy of this prospectus. Any representation to the contrary is a criminal offense. Per Share Total Initial public offering price $ $ Underwriting discount (1) $ $ Proceeds, before expenses, to us $ $ ____________ (1) See “ Underwriting ” for a description of the compensation payable to the underwriters. We have granted the underwriters an option for a period of 45 days to purchase up to an additional [_] shares of our common stock solely to cover over -allotments , if any, less underwriting discounts and commissions. The underwriters expect to deliver the shares against payment on , 2024. EF Hutton LLC Prospectus dated , 2024 Table of Contents TABLE OF CONTENTS Page PROSPECTUS SUMMARY 1 SUMMARY CONSOLIDATED FINANCIAL DATA 12 RISK FACTORS 13 SPECIAL NOTE REGARDING FORWARD-LOOKING STATEMENTS 36 MARKET AND INDUSTRY DATA 37"
MH,2025-07-24,-10.35294252283433,-16.882352267994598,-11.823530758128447,MISS,"” beginning on page 25 to read about factors you should consider before buying shares of our Common Stock. Neither the Securities and Exchange Commission nor any state securities commission has approved or disapproved of these securities or passed upon the adequacy or accuracy of this prospectus. Any representation to the contrary is a criminal offense. Per Share Total (1) Initial public offering price $ $ Underwriting discounts and commissions (2) $ $ Proceeds, before expenses, to us $ $ Proceeds, before expenses, to the selling stockholder $ $ ________________ (1) Assumes no exercise of the underwriters’ option to purchase additional shares of Common Stock from the selling stockholder as described below. (2) See the section entitled “Underwriting” for a description of compensation payable to the underwriters. The selling stockholder identified in this prospectus has granted the underwriters an option to purchase up to additional shares of Common Stock, solely to cover over-allotments, if any, at the initial public offering price, less the underwriting discount, for 30 days from the date of this prospectus. We will not receive any of the proceeds from the sale of shares by the selling stockholder upon such exercise. The underwriters expect to deliver the shares of our Common Stock to our investors on or about , 2025. Goldman Sachs & Co. LLC BMO Capital Markets J.P. Morgan Macquarie Capital Morgan Stanley Deutsche Bank Securities UBS Investment Bank Baird BTIG Needham & Company Rothschild & Co Stifel William Blair The shares of Common Stock will be ready for delivery on or about , 2025. TABLE OF CONTENTS Page ABOUT THIS PROSPECTUS i INDUSTRY AND MARKET DATA i TRADEMARKS, SERVICE MARKS AND TRADE NAMES ii BASIS OF PRESENTATION iii GLOSSARY vi SUMMARY 1 RISK FACTORS 25 CAUTIONARY NOTE REGARDING FORWARD-LOOKING STATEMENTS 57"
AMBQ,2025-07-30,2.4396638234811903,-6.462491416188336,-5.086943022499685,MISS,"” beginning on page 15. Per Share Total Initial public offering price $ $ Underwriting discounts and commissions (1) $ $ Proceeds to Ambiq Micro, Inc. before expenses $ $ (1) See “Underwriting” for a description of the compensation payable to the underwriters. We have granted the underwriters the right to purchase up to additional shares of common stock from us, solely to cover over-allotments, if any. Neither the Securities and Exchange Commission nor any state securities commission has approved or disapproved of these securities or determined if this prospectus is truthful or complete. Any representation to the contrary is a criminal offense. The underwriters expect to deliver the shares of common stock to purchasers on or about , 2025. BofA Securities UBS Investment Bank Needham & Company Stifel , 2025 Table of Contents TABLE OF CONTENTS Page PROSPECTUS SUMMARY 1 THE OFFERING 10 SUMMARY CONSOLIDATED FINANCIAL DATA 12 RISK FACTORS 15 SPECIAL NOTE REGARDING FORWARD-LOOKING STATEMENTS 55 INDUSTRY AND MARKET DATA 57"
BCAR,2025-07-31,-0.20161751622832577,-0.15121313717124432,,MISS,"” beginning on page 44 for a discussion of information that should be considered in connection with an investment in our securities. Investors will not be entitled to protections normally afforded to investors in Rule 419 blank check offerings. Neither the U.S. Securities and Exchange Commission nor any state securities commission has approved or disapproved of these securities or determined if this prospectus is truthful or complete. Any representation to the contrary is a criminal offense. No offer or invitation, whether directly or indirectly, is being or may be made to the public in the British Virgin Islands to subscribe for any of our securities. Per Unit Total Public offering price $ 10.00 $ 250,000,000 Underwriting discounts and commissions (1) $ 0.35 $ 8,750,000 Proceeds, before expenses, to us $ 9.65 $ 241,250,000 (1) Includes $0.35 per unit, or up to $8,750,000 in the aggregate (or up to $10,062,500 if the overallotment option is exercised in full), payable to the underwriters in this offering for deferred underwriting commissions to be placed in a trust account located in the United States and released to the underwriters only upon the completion of an initial"
FIG,2025-07-31,-28.57142857142857,-35.89610310343953,-54.05194831616951,MISS,"” beginning on page 38 to read about factors you should consider before buying shares of our Class A common stock. Neither the Securities and Exchange Commission nor any other regulatory body has approved or disapproved of these securities or passed upon the accuracy or adequacy of this prospectus. Any representation to the contrary is a criminal offense. Per Share Total Initial public offering price ............................................................................................................................................................. $ $ Underwriting discounts and commissions (1) ............................................................................................................................ $ $ Proceeds, before expenses, to us .............................................................................................................................................. $ $ Proceeds, before expenses, to selling stockholders ................................................................................................................ $ $ __________________ (1) See the section titled “Underwriters (Conflicts of Interest)” for a description of the compensation payable to the underwriters. The underwriters have the option for a period of 30 days from the date of this prospectus to purchase up to an additional shares of our Class A common stock from us to cover over-allotments, if any, at the initial public offering price less underwriting discounts and commissions. The underwriters expect to deliver the shares of our Class A common stock to purchasers on or about , 2025. MORGAN STANLEY GOLDMAN SACHS & CO. LLC ALLEN & COMPANY LLC J.P. MORGAN BOFA SECURITIES WELLS FARGO SECURITIES RBC CAPITAL MARKETS WILLIAM BLAIR WOLFE | NOMURA ALLIANCE Prospectus dated , 2025 The information in this preliminary prospectus is not complete and may be changed. We and the selling stockholders may not sell these securities until the registration statement filed with the Securities and Exchange Commission is effective. This preliminary prospectus is not an offer to sell these securities and we and the selling stockholders are not soliciting offers to buy these securities in any jurisdiction where the offer or sale is not permitted. SUBJECT TO COMPLETION, DATED , 2025 PRELIMINARY PROSPECTUS i Table of Contents FOUNDER LETTER ............................................. ii PROSPECTUS SUMMARY ................................ 1 RISK FACTORS ................................................... 38 SPECIAL NOTE REGARDING FORWARD- LOOKING STATEMENTS ............................... 94 INDUSTRY AND MARKET DATA ..................... 96"
SI,2025-07-31,-19.269106547851734,-19.601327387897484,4.385380990349893,MISS,"’’ beginning on page 19 . Per Share Total Initial public offering price $ $ Underwriting discounts and commissions (1) $ $ Proceeds, before expenses, to us $ $ ___________ (1) See the section titled “ Underwriting ” for additional disclosure regarding the estimated underwriting discounts and commissions and estimated offering expenses. We have granted the underwriters an option for a period of 30 days to purchase up to an additional shares of our common stock solely to cover over-allotments, if any. At our request, the underwriters have reserved up to % of the shares of our common stock offered by this prospectus for sale at the initial public offering price through a directed share program to certain of our directors, officers and employees. See the section titled “Underwriting—Directed Share Program” for additional information. The underwriters expect to deliver the shares of common stock to purchasers on , 2025. Neither the Securities and Exchange Commission nor any state securities commission has approved or disapproved of these securities or determined if this prospectus is truthful or complete. Any representation to the contrary is a criminal offense. Morgan Stanley Goldman Sachs & Co. LLC Piper Sandler Jefferies BTIG The date of this prospectus is , 2025. Table of Contents TABLE OF CONTENTS Page Prospectus Summary 3 Risk Factors 19 Special Note Regarding Forward-Looking Statements 77"
FLY,2025-08-07,-19.436619451227184,-22.07125108799467,-25.103559393921387,MISS,"” and “Prospectus Summary—Implications of Being an Emerging Growth Company.” Investing in our common stock involves risks. See “ Risk Factors ” beginning on page 33 to read about factors you should consider before buying shares of our common stock. Neither the Securities and Exchange Commission nor any state securities commission has approved or disapproved of these securities or determined if this prospectus is truthful or complete. Any representation to the contrary is a criminal offense. Per Share Total Initial public offering price $ $ Underwriting discounts and commissions (1) $ $ Proceeds, before expenses, to us $ $ (1) See “Underwriting” for additional information regarding underwriting compensation. We have granted the underwriters an option to purchase up to additional shares of our common stock at the initial public offering price, less the underwriting discounts and commissions within 30 days of the date of this prospectus. The underwriters expect to deliver the shares of common stock against payment in New York, New York on or about , 2025. Goldman Sachs & Co. LLC J.P. Morgan Jefferies Wells Fargo Securities Morgan Stanley Deutsche Bank Securities Cantor Co-Managers Roth Capital Partners Academy Securities Prospectus dated , 2025. Table of Contents Table of Contents Table of Contents Table of Contents TABLE OF CONTENTS PROSPECTUS SUMMARY 2 RISK FACTORS 33 SPECIAL NOTE REGARDING FORWARD-LOOKING STATEMENTS 83 MARKET AND INDUSTRY DATA 85"
WYFI,2025-08-07,15.228121610766571,4.192357176093794,62.145501543929406,HIT,"” beginning on page 17 to read about factors you should consider before buying our Ordinary Shares. Neither the Securities and Exchange Commission nor any state securities commission has approved or disapproved of these securities or passed upon the accuracy or adequacy of this prospectus. Any representation to the contrary is a criminal offense. Per Share Total Initial public offering price $ Underwriting discount and commissions (1) $ Proceeds, before expenses, to us $ (1) See “ Underwriting ” for additional information regarding underwriting compensation. We have granted a 30-day option to the underwriters to purchase up to additional Ordinary Shares solely to cover over-allotments, if any. The underwriters expect to deliver the Ordinary Shares to purchasers on or about , 2025, through the book-entry facilities of The Depository Trust Company. Bookrunners B. Riley Securities Needham & Company The date of this prospectus is , 2025 TABLE OF CONTENTS Page No. ABOUT THIS PROSPECTUS ii MARKET AND INDUSTRY DATA ii NON-GAAP FINANCIAL MEASURES iii COMPANY AND SUBSIDIARIES iii GLOSSARY iv PROSPECTUS SUMMARY 1 SUMMARY HISTORICAL AND PRO FORMA COMBINED FINANCIAL AND OPERATING DATA 15 RISK FACTORS 17 CAUTIONARY STATEMENT REGARDING FORWARD-LOOKING STATEMENTS 54"
HTFL,2025-08-08,-2.267423509054691,5.035012472177609,19.606532863095676,HIT,"” beginning on page 22 . Neither the Securities and Exchange Commission (“SEC”) nor any state securities commission has approved or disapproved of these securities or determined if this prospectus is truthful or complete. Any representation to the contrary is a criminal offense. The underwriters expect to deliver the shares of common stock to the purchasers on or about , 2025. J.P. Morgan Morgan Stanley Piper Sandler Stifel Canaccord Genuity , 2025 i Table of contents Page Prospectus summary ..................................................................................................................................... 1 Risk factors ...................................................................................................................................................... 22 Special note regarding forward-looking statements ................................................................................. 72 Market and industry data ............................................................................................................................... 74"
MIAX,2025-08-14,8.295384396212778,15.484711334819542,34.12491818225082,HIT,"” beginning on page 26 of this prospectus to read about factors you should consider before deciding to invest in shares of our common stock. Neither the Securities and Exchange Commission nor any state securities commission has approved or disapproved of these securities or determined if this prospectus is truthful or complete. Any representation to the contrary is a criminal offense. Per Share Total Initial public offering price $ $ Underwriting discounts and commissions (1) $ $ Proceeds, before expenses, to us $ $ __________________ (1) See the section titled “Underwriting (Conflicts of Interest)” for a description of the compensation payable to the underwriters. We have granted the underwriters an option for a period of 30 days to purchase up to additional shares of our common stock at the initial public offering price less the underwriting discounts and commissions. At our request, the underwriters have reserved up to % of the shares of our common stock offered by this prospectus for sale at the initial public offering price through a directed share program which may include certain of our directors, officers and employees, and certain individuals associated with us and our stockholders. See the section titled “Underwriting (Conflicts of Interest) — Directed Share Program” for additional information. The underwriters expect to deliver the shares against payment in New York, New York on , 2025. Lead Joint Bookrunning Managers J.P. Morgan Morgan Stanley Piper Sandler Joint Bookrunning Managers Keefe, Bruyette & Woods Raymond James William Blair A Stifel Company , 2025 TABLE OF CONTENTS Page Prospectus Summary 1 Risk Factors 26 Special Note Regarding Forward-Looking Statements 74 Market Industry and Other Data 76"
NUTR,2025-08-15,14.322242763889573,24.552424006518645,87.97953307643071,HIT,"” beginning on page 15 and elsewhere in this prospectus for a discussion of information that should be considered in connection with an investment in shares of our Common Stock. Neither the Securities and Exchange Commission nor any state securities commission has approved or disapproved of these shares or determined whether this prospectus is truthful or complete. Any representation to the contrary is a criminal offense. The Company will be a “controlled company” under the Corporate Governance Rules of Nasdaq and can rely on exemptions from certain corporate governance requirements that could adversely affect the holders of the Company’s Common Stock. Under these rules, a company of which more than 50% of the voting power is held by an individual, group or another company is a controlled company and may elect not to comply with certain corporate governance requirements, including the requirement that a majority of its directors be independent, as defined in the Corporate Governance Rules of Nasdaq and the requirement that the compensation committee and nominating and corporate governance committee of the Company consist entirely of independent directors. The Company currently does not intend to rely on these exemptions. However, if the Company decides to rely on exemptions applicable to controlled company under the Corporate Governance Rules of Nasdaq in the future, you will not have the same protections afforded to stockholders of companies that are subject to all of Nasdaq corporate governance requirements. See “Risk Factors — the Company will be a “controlled company” within the meaning of the NASDAQ corporate governance standards and, as a result, will be entitled to rely on exemptions from certain corporate governance requirements that provide protections to stockholders” and “Controlled Company Exemption.” In addition, upon the consummation of this offering, Society Pass Incorporated will control 78.8% of the voting power of the Company’s outstanding voting securities. Per Share Total Public offering price $ $ Underwriting discounts and commissions (1) $ $ Proceeds to us, before expenses (2) $ $ (1) We have agreed to pay Cathay Securities, Inc., as the representative (the “Representative”) of the underwriters named in this prospectus, an underwriting discount equal to seven percent (7.0%) of the gross proceeds of the offering. We have also agreed to issue to the Representative, on the closing date of this offering, warrants in an amount equal to seven percent (7.0%) of the aggregate number of shares of Common Stock sold by us in this offering and exercisable at a price per share equal to one hundred and twenty-five percent (125%) of the public offering price (the “Underwriter’s Warrants”). For a description of compensation to be received by the Underwriter, see “ Underwriting ” for more information. (2) The amount of offering proceeds to us presented in this table does not give effect to the exercise of the over-allotment option issued to the Underwriter. We have granted the underwriters an option, exercisable for up to 45 days from the date of this prospectus, to purchase a maximum of 405,000 shares of Common Stock (equal to fifteen percent (15%) of the aggregate number of shares of Common Stock sold in this offering) on the same terms as the other shares of Common Stock being purchased by the underwriters from us. This offering is being conducted on a firm commitment basis. The underwriters are obligated to take and purchase all of the shares of common stock offered under this prospectus if any such shares are taken. The underwriters expect to deliver the securities to purchasers in the offering on or about [ ], 2024. Until and including [*] (twenty-five (25) days after the date of this prospectus), all dealers that buy, sell or trade our Common Stock, whether or not participating in this offering, may be required to deliver a prospectus. This delivery requirement is in addition to the obligation of dealers to deliver a prospectus when acting as underwriters and with respect to their unsold allotments or subscriptions. The date of this prospectus is [ ], 2024 TABLE OF CONTENTS Page CAUTIONARY NOTE REGARDING FORWARD-LOOKING STATEMENTS iii MARKET DATA iii PROSPECTUS SUMMARY 1 THE OFFERING 13 CONTROLLED COMPANY EXEMPTION 14 IMPLICATIONS OF BEING AN EMERGING GROWTH COMPANY 15 RISK FACTORS 15"
CEPF,2025-08-21,-0.19762356043001666,0.4446647905417369,1.482219109692243,MISS,"” beginning on page 41 for a discussion of information that should be considered in connection with an investment in our securities. Investors will not be entitled to protections normally afforded to investors in Rule 419 blank check offerings. Neither the U.S. Securities and Exchange Commission nor any state securities commission has approved or disapproved of these securities or determined if this prospectus is truthful or complete. Any representation to the contrary is a criminal offense. No offer or invitation, whether directly or indirectly, is being or may be made to the public in the Cayman Islands to subscribe for any of our securities. Per Share Total Public offering price $ 10.00 $ 400,000,000 Underwriting discounts and commissions (1) $ 0.20 $ 8,000,000 Proceeds, before expenses, to Cantor Equity Partners IV, Inc. $ 9.80 $ 392,000,000 ____________ (1) No commissions will be paid on any Class A ordinary shares sold pursuant to the underwriters’ over -allotment option. We will also pay $100,000 to Odeon Capital Group LLC for acting as a “qualified independent underwriter” in this offering. See the section of this prospectus entitled “Underwriting (Conflicts of Interest)” beginning on page 180 for a description of compensation and other items of value payable to the underwriters. Table of Contents Of the proceeds we receive from this offering and the sale of the private placement shares, $400,000,000, or $460,000,000 if the underwriters’ over -allotment option is exercised in full ($10.00 per public share in either case) will be deposited into a trust account in the United States at J.P. Morgan Chase Bank, N.A., with Continental Stock Transfer & Trust Company acting as trustee, and $1,000,000, together with $1,750,000 of additional committed loans by our sponsor, will be available to pay fees and expenses in connection with the closing of this offering and for working capital following the closing of this offering. Because our sponsor acquired the founder shares at a nominal price (approximately $0.002 per share), our public shareholders will incur an immediate and substantial"
ETS,2025-08-21,-75.0,-72.31428623199463,-75.02857106072562,MISS,"– Trading Risks - The dual-class structure of our common stock has the effect of concentrating voting control with those stockholders who hold our Class B common stock. This ownership will limit or preclude your ability to influence corporate matters, including the election of directors, amendments to our organizational documents, and a change in control, merger, consolidation, sale of all or substantially all of our assets, or other major corporate transactions requiring shareholder approval. ” Investing in our Class A common stock involves a high degree of risk. See “Risk Factors” beginning on page 9 of this prospectus. Per Share Total Without Over- Allotment Option Total With Over- Allotment Option Initial public offering price of Class A common stock $ $ $ Underwriters' discounts and commissions (1) $ $ $ Proceeds to our company before expenses (2) $ $ $ (1) Underwriting discounts and commissions do not include a non-accountable expense allowance to 1.0% of the gross proceeds raised in this offering (excluding proceeds received from exercise of the underwriters’ over-allotment option). (2) See “Underwriting” for additional information regarding total underwriter compensation. We have granted the representative of the underwriters in this offering (the “Representative”) an option for a period of 45 days after the closing of this offering to purchase up to an additional 15% of the total number of shares of Class A common stock to be offered by us pursuant to this offering (excluding shares of Class A common stock subject to this option), solely for the purpose of covering over-allotments, if any, at the public offering price less the underwriting discounts and commissions. If the Representative exercises the option in full, the total underwriting discounts payable will be $[●], based on an assumed initial public offering price of $4.00 per share, and the total gross proceeds to us, before underwriting discounts and expenses, will be $[●]. The underwriters expect to deliver the shares of our Class A common stock against payment in U.S. dollars in New York, New York on or about [●], 2025. Neither the U.S. Securities and Exchange Commission nor any state securities commission nor any other regulatory body has approved or disapproved of these securities or determined if this prospectus is truthful or complete. Any representation to the contrary is a criminal offense. The date of this prospectus is [●], 2025 TABLE OF CONTENTS Page PROSPECTUS SUMMARY 3 THE OFFERING 6 RISK FACTORS 8 DISCLOSURE REGARDING FORWARD-LOOKING STATEMENTS 21"
CURX,2025-08-26,79.8507475964501,127.86069380281313,-82.0149255368955,HIT,"” beginning on page 5 of this prospectus for a discussion of information that should be considered in connection with an investment in our Common Stock. Neither the Securities and Exchange Commission (“SEC”) nor any state securities commission has approved or disapproved of these securities or determined if this prospectus is truthful or complete. Any representation to the contrary is a criminal offense. Per Share Total Initial assumed public offering price (the midpoint of the estimated public offering price between $4.00 and $6.00 per share) $ 5.00 $ 10,000,000 Underwriting discounts and commissions (1) $ 0.35 $ 700,000 Proceeds to us (before expenses) (2) $ 4.65 $ 9,300,000 (1) The Company has agreed to pay the underwriters a fee equal to 7% of the gross proceeds of the offering. See “Underwriting” for additional disclosure regarding underwriting compensation payable by us. (2) Does not include a non-accountable expense allowance equal to 1% of the gross proceeds of the Offering, payable to the underwriters. See “ Underwriting ” beginning on page 83 of this prospectus for additional information regarding underwriting compensation. The underwriters are selling 2,000,000 Shares (or 2,300,000 Shares if the underwriters exercise their over-allotment option in full) in this Offering on a firm commitment basis. We have granted to the underwriters an option, exercisable within 45-days after the closing of the Offering, to purchase an additional 15% of the total number of shares of our Common Stock sold in the Offering at the initial public offering price solely for the purpose of covering over-allotments, if any (the “ Over-allotment Option ”). The underwriters expect to deliver our shares to purchasers in the Offering on or about ______________ , 2024. Prospectus dated ______________, 2024 TABLE OF CONTENTS Page PROSPECTUS SUMMARY 1 THE OFFERING 4 RISK FACTORS 5 CAUTIONARY NOTE REGARDING FORWARD-LOOKING STATEMENTS 20"
KOYN,2025-08-27,-0.15089929860800963,0.20121185722324375,,MISS,"” beginning on page [50] for a discussion of information that should be considered in connection with an investment in our securities. Investors will not be entitled to protections normally afforded to investors in Rule 419 blank check offerings. Investing in our securities involves a high degree of risk. Neither the U.S. Securities and Exchange Commission nor any state securities commission has approved or disapproved of these securities or determined if this prospectus is truthful or complete. Any representation to the contrary is a criminal offense. No offer or invitation, whether directly or indirectly, is being or may be made to the public in the Cayman Islands to subscribe for any of our securities. Per Unit Total Public offering price $ 10.00 $ 200,000,000 Underwriting discounts and commissions (1) $ 0.60 $ 12,000,000 Proceeds, before expenses, to us $ 9.40 $ 188,000,000 (1) Includes $0.20 per unit, or $4,000,000 in the aggregate (excluding any units sold pursuant to the underwriter’s option to purchase additional units, or $4,600,000 in the aggregate if the underwriter’s option to purchase additional units is exercised in full), payable to the underwriter upon the closing of this offering. The underwriter has committed to using $2,750,000 of such funds to purchase from us 275,000 private units (or 316,250 private units if the over-allotment option is exercised in full) at $10.00 per unit. Also includes $0.40 per unit, or up to $8,000,000 in the aggregate (or up to $9,200,000 in the aggregate if the underwriter’s over-allotment option is exercised in full), payable to the underwriter in this offering based on the percentage of funds remaining in the trust account after redemptions of public shares, for deferred underwriting commissions to be placed in a trust account located in the United States and released to the underwriter only upon the completion of an initial"
PMI,2025-08-29,41.17647058823529,64.05228758169935,112.41830065359477,HIT,"Any investment in our Common Stock offered hereby is speculative and involves a high degree of risk. You should carefully consider the information set forth under “Risk Factors”, commencing on page 9 of this prospectus, as well as all other information contained in this prospectus. Unless otherwise indicated, all information in this prospectus assumes no exercise of the outstanding options and warrants or any issuance of shares under outstanding restricted stock units, in each case as described above. 1 As of May 11, 2026. The number of shares of Common Stock outstanding excludes: ● 7,570,646 shares issuable upon the exercise of outstanding stock options with a weighted average exercise price of $0.66 per share; ● 10,429,354 shares reserved for future issuance under our 2021 Equity Incentive Plan; ● up to 10,000,000 issued warrants for shares of our Common Stock for debt; and ● 8,187,766 issued warrants for shares of our Common Stock for WestPark Capital, Inc and its assignees. 6 Table of Contents RISK FACTORS An investment in our shares of Common Stock involves a high degree of risk. You should carefully consider the risks and uncertainties described below, together with all of the information contained in this prospectus and in our Annual Report on Form 10-K for the year ended December 31, 2025, filed with the SEC on March 30, 2026, including our financial statements and the related notes, before making an investment decision regarding the Common Stock. If any of the following risks are realized, our"
GSRF,2025-09-04,-0.44598687426584094,,,MISS,"” beginning on page 39. Investors will not be entitled to protections normally afforded to investors in Rule 419 blank check offerings. Price to Public Underwriting Discounts and Commissions (1) Proceeds, Before Expenses, to Us Per Unit $ 10.00 $ 0.555 $ 9.445 Total $ 200,000,000 $ 11,100,000 $ 188,900,000 ____________ (1) Includes (i) up to $100,000 payable to for acting as a qualified independent underwriter, (ii) $0.40 per unit, or $8,000,000 in the aggregate (or $9,200,000 in the aggregate if the over -allotment option is exercised in full), payable to the underwriter for deferred underwriting commissions to be placed in a trust account located in the United States, as described herein, and (iii) $0.15 per unit, or $3,000,000 in the aggregate (or $0.15 per unit, or $3,450,000 in the aggregate if the over -allotment option is exercised in full), payable to the underwriter upon the closing of this offering. Does not include certain fees and expenses payable to the underwriter in connection with this offering. See “Underwriting (Conflicts of Interest)” for a description of underwriting compensation payable to the underwriters. Of the proceeds we receive from this offering and the sale of the private placement units described in this prospectus, $200.0 million or $230.0 million if the underwriters’ over -allotment option is exercised in full ($10.00 per unit), will be deposited into a segregated trust account located in the United States with acting as trustee. Except with respect to interest earned on the funds held in the trust account that may be released to us to fund our working capital requirements, subject to an annual limit of $500,000, and to pay our taxes, which shall exclude any 1% U.S. federal excise tax imposed on stock repurchases under the Inflation Reduction Act of 2022 that is imposed on us, if any (“permitted withdrawals”), if any, the funds held in the trust account will not be released from the trust account until the earliest to occur of: (1) our completion of an initial"
TLNC,2025-09-09,0.9090924854121539,1.010104902252232,,MISS,"” beginning on page 41 for a discussion of information that should be considered in connection with an investment in our securities. Investors will not be entitled to protections normally afforded to investors in Rule 419 blank check offerings. Neither the U.S. Securities and Exchange Commission nor any state securities commission has approved or disapproved of these securities or determined if this prospectus is truthful or complete. Any representation to the contrary is a criminal offense. Price to Public Underwriting Discount (1) Proceeds, Before Expenses, to us Per Unit $ 10.00 $ 0.60 $ 9.40 Total $ 225,000,000 $ 13,500,000 $ 211,500,000 ____________ ​ (1) Including (A) $0.20 per unit sold in the offering, or $4,500,000 in the aggregate (or $5,175,000 if the underwriters’ over -allotment option is exercised in full), payable to the underwriters upon the closing of this offering, of which the underwriters have committed that $0.10 per unit will be used by the underwriters to purchase private placement units; and (B) up to $0.40 per unit sold in the offering to investors not directly or indirectly introduced by the Company, the Sponsor or any of their affiliates, or up to $9,000,000 in the aggregate (or up to $10,350,000 if the underwriters’ over -allotment option is exercised in full) is payable to the underwriters in this offering based on the percentage of funds remaining in the trust account after redemptions of public shares, for deferred underwriting commissions to be placed in a trust account located in the United States and released to the underwriters only upon the completion of an initial"
FIGR,2025-09-11,38.508515934423016,21.56862408495089,28.67244613932044,HIT,"” beginning on page 32 to read about factors you should consider before deciding to invest in shares of our Class A common stock. Neither the Securities and Exchange Commission nor any state securities commission has approved or disapproved of these securities or passed upon the accuracy or adequacy of this prospectus. Any representation to the contrary is a criminal offense. Per Share Total Initial public offering price $ $ Underwriting discounts and commissions (1) $ $ Proceeds to us, before expenses $ $ Proceeds to the selling stockholders, before expenses $ $ ______________ (1) See the section titled “Underwriting” for a description of the compensation payable to the underwriters. We have granted the underwriters an option to purchase up to an additional shares of our Class A common stock from us at the initial public offering price, less underwriting discounts and commissions. At our request, the underwriters have reserved for sale, at the initial public offering price, up to shares of Class A common stock, or up to 5% of the shares of Class A common stock offered by this prospectus, for sale to certain individuals associated with us, through a directed share program. See the section titled “Underwriting—Directed Share Program.” The underwriters expect to deliver the shares against payment in New York, New York on or about , 2025. Goldman Sachs & Co. LLC Jefferies BofA Securities Prospectus dated , 2025 TABLE OF CONTENTS Page PROSPECTUS SUMMARY 1 RISK FACTORS 32 SPECIAL NOTE REGARDING FORWARD - LOOKING STATEMENTS 127 MARKET, INDUSTRY, AND OTHER DATA 129"
LBRX,2025-09-11,-7.398837200841174,-8.90172876354631,-8.439301438493738,MISS,"” beginning on page 12 to read about factors you should consider before buying shares of our common stock. Neither the Securities and Exchange Commission nor any other state securities commission has approved or disapproved of these securities or determined if this prospectus is truthful or complete. Any representation to the contrary is a criminal offense. Per Share Total Initial public offering price $ $ Underwriting discounts and commissions (1) $ $ Proceeds, before expenses, to us $ $ (1) See the section titled “Underwriting” for additional information regarding compensation payable to the underwriters. We have granted the underwriters an option for a period of 30 days to purchase up to additional shares of common stock from us at the initial public offering price, less the underwriting discounts and commissions. The underwriters expect to deliver the shares of common stock to purchasers on , 2025 through the book-entry facilities of The Depository Trust Company. Leerink Partners Piper Sandler Stifel Prospectus Dated , 2025 Table of Contents TABLE OF CONTENTS Prospectus Summary 1 The Offering 8 Summary Financial Information 10 Risk Factors 12 Special Note Regarding Forward-Looking Statements 82 Market and Industry Data 84"
BRCB,2025-09-12,-7.119509418581538,-17.58082103839438,-5.775518027353998,MISS,"” beginning on page 35 to read about factors you should consider before deciding to invest in our Class A common stock. Per Share Total Public offering price $ $ Underwriting discounts and commissions (1) $ $ Proceeds, before expenses, to us $ $ (1) See “Underwriting” for a description of the compensation payable to the underwriters. At our request, the underwriters have reserved up to % of the shares of Class A common stock to be issued by us and offered by this prospectus for sale, at the initial public offering price, to certain friends and family members of our Co-Founders. See “Underwriting—Directed Share Program” for additional information. We have granted the underwriters the right to purchase up to an additional shares of our Class A common stock at the initial public offering price less the underwriting discount. The Securities and Exchange Commission and state securities regulators have not approved or disapproved of these securities or determined if this prospectus is truthful or complete. Any representation to the contrary is a criminal offense. The underwriters expect to deliver the shares against payment on , 2025. J.P. Morgan Jefferies Morgan Stanley Baird Stifel William Blair Raymond James Prospectus dated , 2025. TABLE OF CONTENTS Page A BOUT THIS PROSPECTUS 1 PROSPECTUS SUMMARY 7 RISK FACTORS 35 SPECIAL NOTE REGARDING FORWARD-LOOKING STATEMENTS 83 ORGANIZATIONAL STRUCTURE 85"
GEMI,2025-09-12,-23.906248807907104,-27.49999761581421,-38.24999928474426,MISS,"” beginning on page 18 to read about factors you should consider before buying our Class A common stock. Neither the Securities and Exchange Commission (the “SEC”) nor any other regulatory body or state securities commission has approved or disapproved of these securities or passed upon the adequacy or accuracy of this prospectus. Any representation to the contrary is a criminal offense. ​ ​ ​ Per Share ​ ​ Total ​ Initial public offering price ​ ​ ​ $ ​ ​ ​ ​ $ ​ ​ Underwriting discounts and commissions (1) ​ ​ ​ $ ​ ​ ​ ​ $ ​ ​ Proceeds, before expenses, to Gemini ​ ​ ​ $ ​ ​ ​ ​ $ ​ ​ ​ ​ (1) See “ Underwriting ” for a description of the compensation payable to the underwriters. ​ We and the selling stockholders identified in this prospectus have granted the underwriters an option for a period of 30 days from the date of this prospectus to purchase up to an additional and shares of Class A common stock, respectively, at the initial public offering price, less the underwriting discounts and commissions. We will not receive any proceeds from the sale of shares by the selling stockholders upon such exercise. At our request, the underwriters have reserved up to shares of Class A common stock, or % of the shares offered by this prospectus, for sale at the initial public offering price through a directed share program to certain individuals and entities. For more information on our directed share program, see “ Underwriting—Directed Share Program .” The underwriters expect to deliver the shares against payment in New York, New York on , 2025. ​ Goldman Sachs & Co. LLC ​ ​ ​ ​ ​ Citigroup ​ ​ Morgan Stanley ​ ​ ​ ​ ​ Cantor ​ ​ Evercore ISI ​ ​ Mizuho ​ ​ Truist Securities ​ ​ Cohen & Company Capital Markets ​ ​ Keefe, Bruyette & Woods A Stifel Company ​ ​ Needham & Company ​ ​ Rosenblatt ​ ​ Academy Securities ​ ​ AmeriVet Securities ​ ​ Prospectus dated , 2025. TABLE OF CONTENTS TABLE OF CONTENTS TABLE OF CONTENTS TABLE OF CONTENTS TABLE OF CONTENTS TABLE OF CONTENTS ​ TABLE OF CONTENTS ​ ​ ​ Page ​ About This Prospectus ​ ​ ​ ​ iii ​ ​ Industry Glossary ​ ​ ​ ​ v ​ ​ Prospectus Summary ​ ​ ​ ​ 1 ​ ​ The Offering ​ ​ ​ ​ 10 ​ ​ Summary Historical Consolidated Financial Data ​ ​ ​ ​ 14 ​ ​ Risk Factors ​ ​ ​ ​ 18 ​ ​ Cautionary Note Regarding Forward-Looking Statements ​ ​ ​ ​ 87 ​ ​"
LGN,2025-09-12,9.508201724193135,-1.7377071693295338,18.42622600617956,HIT,"” beginning on page 22 of this prospectus. Per share Total Price to the public $ $ Underwriting discounts and commissions (1) $ $ Proceeds to us (before expenses) $ $ (1) We refer you to “Underwriting (Conflicts of Interest)” beginning on page 177 of this prospectus for additional information regarding underwriting compensation. At our request, the underwriters have reserved up to % of the shares of Class A common stock offered by this prospectus for sale, at the initial public offering price, to certain individuals associated with us. See “Underwriting (Conflicts of Interest)—Directed Share Program.” We and the selling stockholder (as defined below) have granted the underwriters the option for a period of 30 days after the date of this prospectus to purchase up to additional shares of Class A common stock from us and additional shares of Class A common stock from the selling stockholder on the same terms and conditions set forth above. Neither the Securities and Exchange Commission (the “SEC”) nor any state securities commission has approved or disapproved of these securities or passed upon the adequacy or accuracy of this prospectus. Any representation to the contrary is a criminal offense. The underwriters expect to deliver the shares on or about , 2025. Joint Lead Book-Running Managers Goldman Sachs & Co. LLC Jefferies Bookrunners BofA Securities Barclays Morgan Stanley RBC Capital Markets SOCIETE GENERALE BMO Capital Markets Cantor Guggenheim Securities Wolfe | Nomura Alliance MUFG Roth Capital Partners Santander Stifel TD Cowen BTIG Rothschild & Co Co-Manager Blackstone Capital Markets Prospectus dated , 2025 Table of Contents TABLE OF CONTENTS Page Commonly Used Defined Terms ii Presentation of Financial and Operating Data v Industry and Market Data v Trademarks and Trade Names v Prospectus Summary 1 Risk Factors 22 Cautionary Statement Regarding Forward-Looking Statements 61"
VIA,2025-09-12,0.48475396203439947,-4.100179454891993,2.605536173016367,MISS,"—Risks Relating to this Offering and Ownership of our Class A Common Stock—We qualify as an emerging growth company within the meaning of the Securities Act, and if we take advantage of certain exemptions available to emerging growth companies, this could make our securities less attractive to investors and may make it more difficult to compare our performance with other public companies.” Corporate Information We were incorporated in the State of Delaware on May 29, 2012. Our principal executive offices are located at 114 5 th Ave, 17 th Floor, New York, NY 10011. Our telephone number is (917) 877-0915 and our website address is www.ridewithvia.com. The information contained on, or that can be accessed through, our website is not a part of this prospectus; we have included this website address solely as an inactive textual reference. 13 Table of Contents Channels for Disclosure of Information Following the closing of this offering, we intend to announce material information to the public through filings with the SEC, the investor relations page on our website (www.ridewithvia.com), press releases, public conference calls, and public webcasts. Any updates to the list of disclosure channels through which we will announce information will be posted on the investor relations page on our website. 14 Table of Contents THE OFFERING Class A common stock offered by us shares Class A common stock offered by the selling stockholders shares Option to purchase additional shares of Class A common stock from us The underwriters have an option to purchase up to an aggregate of additional shares of Class A common stock from us at the initial public offering price, less the underwriting discounts and commissions. The underwriters can exercise this option at any time within 30 days from the date of this prospectus. See “Underwriting.” Class A common stock to be outstanding upon the completion of this offering shares (or shares if the underwriters exercise their option to purchase additional shares of Class A common stock from us in full). Class B common stock to be outstanding upon the completion of this offering shares Class C common stock to be outstanding upon the completion of this offering None Total Class A common stock, Class B common stock, and Class C common stock to be outstanding upon the completion of this offering shares (or shares if the underwriters exercise their option to purchase additional shares of Class A common stock from us in full). Voting and conversion rights We have three classes of authorized common stock: Class A common stock, Class B common stock, and Class C common stock. The rights of holders of Class A common stock, Class B common stock, and Class C common stock are identical, except with respect to voting, conversion, and transfer rights. Each share of Class A common stock entitles the holder to one vote. Each share of Class B common stock entitles the holder to 10 votes and is convertible, at the option of the holder, into one share of Class A common stock. Upon completion of this offering, all shares of Class B common stock will be held by our Chairman and Chief Executive Officer, Daniel Ramot, and the Ramot Trust, and Mr. Ramot will hold or have the ability to direct the voting of shares representing approximately % of the voting power of our outstanding capital stock, 15 Table of Contents which voting power may increase over time as certain equity awards held by Mr. Ramot vest and are exercised for or settled into shares of Class A common stock and exchanged for shares of Class B common stock. If all such equity awards held by Mr. Ramot had been vested, exercised or settled, and exchanged for shares of Class B common stock as of the date of the completion of this offering, Mr. Ramot would hold or have the ability to direct the voting of shares representing approximately % of the voting power of our outstanding capital stock. See “Principal and Selling Stockholders” and “"
STUB,2025-09-17,-23.363633589311082,-21.045450730757278,-10.909089175137607,MISS,"” beginning on page 24 to read about factors you should consider before buying shares of our Class A common stock. Neither the Securities and Exchange Commission (the “SEC”) nor any other regulatory body or state securities commission has approved or disapproved of these securities or passed upon the adequacy or accuracy of this prospectus. Any representation to the contrary is a criminal offense. Per Share Total Initial public offering price $ $ Underwriting discounts and commissions (1) $ $ Proceeds, before expenses, to us $ $ (1) We have agreed to reimburse the underwriters for certain expenses in connection with this offering. See “Underwriting (Conflicts of Interest).” We have granted the underwriters the option for a period of 30 days to purchase up to an additional shares of Class A common stock from us at the initial public offering price less underwriting discounts and commissions. The underwriters expect to deliver the shares of Class A common stock to purchasers on , 2025. J.P. Morgan Goldman Sachs & Co. LLC BofA Securities Evercore ISI BMO Capital Markets Mizuho TD Cowen Truist Securities Wolfe | Nomura Alliance Citizens Capital Markets Oppenheimer & Co. Wedbush Securities PNC Capital Markets LLC Prospectus dated , 2025. Table of Contents Table of Contents Table of Contents Table of Contents Table of Contents Table of Contents TABLE OF CONTENTS Page ABOUT THIS PROSPECTUS ii GLOSSARY ii PROSPECTUS SUMMARY 1 RISK FACTORS 24 CAUTIONARY NOTE REGARDING FORWARD-LOOKING STATEMENTS 67 MARKET AND INDUSTRY DATA 69"
WBI,2025-09-17,7.271133828118898,18.572053374014526,3.2413481103421655,HIT,".” 19 Table of Contents • Proven Track Record of Prudent, High-Return Capital Allocation . We have a successful history of executing large-scale, organic growth projects as well as acquisitions that have enhanced our operational capabilities and expanded our operating footprint. From January 1, 2018 to July 31, 2025, we constructed approximately 965 miles of pipelines and 65 produced water handling facilities across our areas of operations. Further, since 2018, we have successfully sourced, executed and integrated more than 30 acquisitions. Our team employs a rigorous process to evaluate both new projects and acquisition opportunities and determine whether they meet or exceed targeted return thresholds, with the underlying goal of driving long-term value creation for us. We intend to take advantage of opportunities available to us as a result of our expansive footprint. The trend towards consolidation of the oil and natural gas E&P sector over the last several years has resulted in many of our customers becoming substantially larger E&P operators in the Delaware Basin, which requires them to make substantial capital expenditures to meet the demands of their drilling operations. The increased scale of many of our customers has also enhanced their creditworthiness. We believe that the recent wave of consolidation among E&P producers in the Delaware Basin has generally improved the creditworthiness of our customer base and increased demand for sophisticated, reliable water"
NTSK,2025-09-18,6.491778597953718,0.0,1.9119622478964677,HIT,""" beginning on page 23 to read about factors you should consider before deciding to invest in shares of our Class A common stock. Neither the Securities and Exchange Commission nor any state securities commission has approved or disapproved of these securities or passed upon the accuracy or adequacy of this prospectus. Any representation to the contrary is a criminal offense. Per Share Total Initial public offering price $ $ Underwriting discounts and commissions (1) $ $ Proceeds, before expenses, to Netskope, Inc. $ $ (1) See the section titled ""Underwriting"" for a description of the compensation payable to the underwriters. We have granted the underwriters an option, exercisable for 30 days from the date of this prospectus, to purchase up to additional shares of our Class A common stock from us to cover-over-allotments, if any, at the initial public offering price, less underwriting discounts and commissions. The underwriters expect to deliver the shares against payment in New York, New York on , 2025. Morgan Stanley J.P. Morgan BMO Capital Markets TD Cowen Citizens Capital Markets Mizuho Wells Fargo Securities Deutsche bank Securities Oppenheimer & Co. BTIG KeyBanc Capital Markets Piper Sandler William Blair Santander Credit Agricole CIB Prospectus dated , 2025 Table of Contents Table of Contents Table of Contents Table of Contents TABLE O F CONTENTS Page LETTER FROM OUR CO-FOUNDER AND CEO 1 PROSPECTUS SUMMARY 3 RISK FACTORS 23 SPECIAL NOTE REGARDING FORWARD-LOOKING STATEMENTS 75 MARKET, INDUSTRY, AND OTHER DATA 77"
PTRN,2025-09-19,-12.348050486529488,-10.300701502808884,12.795899115047597,HIT,"—Risks Related to Our Corporate Structure—We are a “controlled company” under the corporate governance requirements of the Nasdaq Stock Market, and intend to avail ourselves of certain reduced corporate governance requirements” for more information.” See the section titled “ Risk Factors ” beginning on page 21 to read about factors you should consider before buying our Series A common stock. Neither the Securities and Exchange Commission nor any other regulatory body has approved or disapproved of these securities or passed upon the accuracy or adequacy of this prospectus. Any representation to the contrary is a criminal offense. Per Share Total Initial public offering price $ $ Underwriting discount (1) $ $ Proceeds, before expenses, to us $ $ Proceeds, before expenses, to the selling stockholders $ $ __________________ (1) See the section titled “ Underwriting ” for additional information regarding compensation payable to the underwriters. The underwriters have the option to purchase up to an additional and shares of Series A common stock from us and the selling stockholders, respectively, at the initial public offering price, less the underwriting discount, for 30 days after the date of this prospectus. The underwriters expect to deliver the shares against payment in New York, New York on or about , 2025. Goldman Sachs & Co. LLC* J.P. Morgan* Evercore ISI Jefferies Baird BMO Capital Markets KeyBanc Capital Markets Needham & Company Stifel William Blair ___________________ *In alphabetical order. The date of this prospectus is , 2025 TABLE OF CONTENTS Prospectus Page F OUNDER LETTER ii PROSPECTUS SUMMARY 1 RISK FACTORS 21 SPECIAL NOTE REGARDING FORWARD-LOOKING STATEMENTS 61 INDUSTRY AND MARKET DATA 63"
EMIS,2025-09-25,-0.1005048148093835,0.0,,MISS,"” beginning on page 33 for a discussion of information that should be considered in connection with an investment in our securities. Investors will not be entitled to protections normally afforded to investors in Rule 419 blank check offerings. Neither the U.S. Securities and Exchange Commission nor any state securities commission has approved or disapproved of these securities or determined if this prospectus is truthful or complete. Any representation to the contrary is a criminal offense. No offer or invitation, whether directly or indirectly, is being or may be made to the public in the Cayman Islands to subscribe for any of our securities. Per Unit Total Public offering price $ 10.00 $ 100,000,000 Underwriting discounts and commissions (1) $ 0.15 $ 1,500,000 Proceeds, before expenses, to us $ 9.85 $ 98,500,000 (1) $0.15 per unit, or $1,500,000 in the aggregate (or $1,725,000 if the underwriter’s over-allotment option is exercised in full), is payable upon the closing of this offering. Does not include thebusiness combination marketing fees that will be payable to I-Bankers upon the closing of our initial"
AEXA,2025-09-26,7.540058592098021,7.728564326413337,5.183790843845398,HIT,"” beginning on page 50 for a discussion of information that should be considered in connection with an investment in our securities. Investors will not be entitled to protections normally afforded to investors in Rule 419 blank check offerings. Neither the U.S. Securities and Exchange Commission nor any state securities commission has approved or disapproved of these securities or determined if this prospectus is truthful or complete. Any representation to the contrary is a criminal offense. No offer or invitation, whether directly or indirectly, is being or may be made to the public in the Cayman Islands to subscribe for any of our securities. Per Share Total Public offering price $ 10.00 $ 250,000,000 Underwriting discounts and commissions (1) $ 0.31 $ 7,750,000 Proceeds, before expenses, to us $ 9.69 $ 242,250,000 (1) Includes $250,000 (such amount to remain unchanged in the event the underwriter’s over-allotment option is exercised in full) payable to the underwriter upon the closing of this offering. Also includes $0.30 per share on all shares sold ($7,500,000 in the aggregate (assuming no redemptions) or up to $8,625,000 in the aggregate if the underwriter’s over-allotment option is exercised in full (assuming no redemptions)) payable to the underwriter for deferred underwriting commissions to be deposited into a trust account located in the United States and released to Santander US Capital Markets LLC or its own account only upon the completion of an initial"
BDCI,2025-09-30,-0.17733645048607327,0.19704885236801567,-0.5911277654911948,MISS,"” beginning on page 43 of this prospectus. Securities offered 22,000,000 units (or 25,300,000 units if the underwriters’ over -allotment option is exercised in full), at $10.00 per unit, each unit consisting of: • one Class A ordinary share; and • one -fourth of one warrant, each whole warrant exercisable to purchase one Class A ordinary share. Proposed Nasdaq symbols Units: “BDCIU” Class A Ordinary Shares: “BDCI” Warrants: “BDCIW” Trading commencement and separation of Class A ordinary shares and warrants The units will begin trading promptly after the date of this prospectus. The Class A ordinary shares and warrants comprising the units will begin separate trading on the 52 nd day following the date of this prospectus unless the underwriters inform us of their decision to allow earlier separate trading, subject to our having filed the Current Report on Form 8 -K described below and having issued a press release announcing when such separate trading will begin. Once the Class A ordinary shares and warrants commence separate trading, holders will have the option to continue to hold units or separate their units into the component securities. Holders will need to have their brokers contact our transfer agent in order to separate the units into Class A ordinary shares and warrants. No fractional warrants will be issued upon separation of the units and only whole warrants will trade. Accordingly, unless you purchase at least four units, you will not be able to receive or trade a whole warrant. Additionally, the units will automatically separate into their component parts and will not be traded after completion of our initial"
NP,2025-10-01,6.7741949873338205,2.78226030356685,1.4516154089778597,HIT,"— Risks Relating to our Organizational Structure — We are a ‘controlled company’ within the meaning of the NYSE rules and, as a result, qualify for, and will rely on, exemptions from certain corporate governance requirements that provide protection to the stockholders of companies that are subject to such corporate governance requirements.” We are an “emerging growth company” as defined under the federal securities laws. See “Prospectus Summary — Implications of Being an Emerging Growth Company.” _______________________ We are applying to list our Class A common stock on the NYSE under the symbol “NP.” Investing in our Class A common stock involves risks that are described in the “Risk Factors” section beginning on page 28 of this prospectus. _______________________ PRICE $ A SHARE _______________________ Price to Public Underwriting Discounts and Commissions (1) Proceeds to Selling Stockholders Per Share $ $ $ Total $ $ $ ____________ (1) See the section titled “Underwriting” for a description of the compensation payable to the underwriters. The selling stockholders have granted the underwriters the right to purchase up to an additional shares of Class A common stock from the selling stockholders to cover over -allotments , if any. At our request, the underwriters have reserved % of the shares of Class A common stock to be offered by the selling stockholders under this prospectus for sale, at the initial public offering price, to directors, officers, employees,"
YCY,2025-10-01,1.0070435520861745,0.6747173551433104,,MISS,"” beginning on page 58 for a discussion of information that should be considered in connection with an investment in our securities. Investors will not be entitled to protections normally afforded to investors in Rule 419 blank check offerings. Neither the U.S. Securities and Exchange Commission nor any state securities commission has approved or disapproved of these securities or determined if this prospectus is truthful or complete. Any representation to the contrary is a criminal offense. Per Unit Total Public offering price $ 10.00 $ 100,000,000 Underwriting discounts and commissions (1) $ 0.40 $ 4,000,000 Proceeds, before expenses, to the company $ 9.60 $ 96,000,000 ____________ (1) Includes $0.15 per unit sold in the offering, or $1,500,000 in the aggregate (or up to $1,725,000 in the aggregate if the underwriters’ over -allotment option is exercised in full), is payable upon the closing of this offering. Includes $0.25 per unit sold in the offering, or $2,500,000 in the aggregate (or up to $2,875,000 in the aggregate if the underwriters’ over -allotment option is exercised in full) payable to underwriters in this offering, for deferred underwriting commissions to be placed in a trust account located in the United States and released to the underwriters only upon the completion of an initial"
CBK,2025-10-02,3.125,3.5833358764648438,1.3333320617675781,MISS,",” beginning on page 23, for a discussion of certain risks that you should consider before investing in our common stock. None of the U.S. Securities and Exchange Commission (the “SEC”), any state securities commission, the Federal Deposit Insurance Corporation (the “FDIC”), the Board of Governors of the Federal Reserve System nor any other regulatory body has approved or disapproved of these securities or passed upon the accuracy or adequacy of this prospectus. Any representation to the contrary is a criminal offense. These securities are not deposits, savings accounts or other obligations of any bank or savings association and are not insured or guaranteed by the FDIC or any other governmental agency and are subject to investment risks, including the possible loss of the entire amount you invest. Per Share Total Initial public offering price $ $ Underwriting discount (1) $ $ Proceeds to us before expenses $ $ Proceeds to the selling shareholders before expenses $ $ ____________ (1) See “Underwriting” for additional information regarding the underwriting discounts and commissions and certain expenses payable to the underwriter by us. At our request, the underwriter has reserved up to % of the shares of common stock offered by this prospectus for sale at the initial public offering price through a directed share program to directors, executive officers and employees of the Company and the Bank and other designated persons. See “Underwriting — Directed Share Program.” This is a firm commitment underwritten offering. The underwriter has the option to purchase up to an additional shares from the selling shareholders to cover over -allotments , if any, at the initial public offering price less the underwriting discount within 30 days of the date of this prospectus. The underwriter expects to deliver the shares of our common stock to purchasers on or about , 2025 through the book -entry facilities of The Depository Trust Company. Sole Book -Running Manager Hovde Group, LLC The date of this prospectus is , 2025 Table of Contents Table of Contents TABLE OF CONTENTS Page PROSPECTUS SUMMARY 1 Selected Historical Consolidated Financial Data and Other Information 17 Non-GAAP Financial Measures 20 RISK FACTORS 23 CAUTIONARY NOTE REGARDING FORWARD-LOOKING STATEMENTS 54"
GIW,2025-10-06,0.15105125062906008,-0.1510608545997257,,MISS,"” beginning on page 55 for a discussion of information that should be considered in connection with an investment in our securities. Investors will not be entitled to protections normally afforded to investors in Rule 419 blank check offerings. Neither the U.S. Securities and Exchange Commission nor any state securities commission has approved or disapproved of these securities or determined if this prospectus is truthful or complete. Any representation to the contrary is a criminal offense. Table of Contents No offer or invitation, whether directly or indirectly, is being or may be made to the public in the Cayman Islands to subscribe for any of our securities. Price to Public Underwriting Discount(1) Proceeds, Before Expenses, to us Per Unit $ 10.00 $ 0.0455 $ 9.9545 Total $ 220,000,000 $ 1,000,000 $ 219,000,000 (1) $0.0455 per unit or $1,000,000 in the aggregate (including a $250,000 referral fee to be paid by the underwriters to United First Partners LLC) (or $0.0405 per unit or $1,025,000 in the aggregate if the underwriters’ over-allotment option to purchase additional public units is exercised in full), is payable upon the closing of this offering. There is no deferred underwriting commission payable to the underwriters. See the section titled “ Underwriting ” for a description of compensation payable to the underwriters. Upon consummation of the offering, $10.00 per public unit sold in this offering (whether or not the over-allotment option has been exercised, and whether exercised in full or in part) will be deposited into a segregated trust account located in the United States managed by Continental Stock Transfer & Trust Company acting as trustee. Except as described in this prospectus, these funds will not be released to us until the earlier of (1) the completion of our initial"
LKSP,2025-10-07,0.05037898584209249,-0.05037898584209249,,MISS,"” beginning on page 39. Investors will not be entitled to protections normally afforded to investors in Rule 419 blank check offerings. Price to Public Underwriting Discounts and Commissions (1) Proceeds, Before Expenses, to Us Per Unit $ 10.00 $ 0.60 $ 9.40 Total $ 100,000,000 $ 6,000,000 $ 94,000,000 ____________ (1) Includes (A) $0.20 per unit (including any units sold pursuant to the underwriters’ option to purchase additional units), or $2,000,000 in the aggregate (or up to $2,300,000 if the underwriters’ over-allotment option is exercised in full), payable to the underwriters upon the closing of this offering, of which (i) $0.10 per unit will be paid to the underwriters in cash, and (ii) $0.10 per unit will be used by the underwriters to purchase private placement units; and (B) up to $0.40 per unit sold in the offering (whether or not the overallotment option to purchase additional units is exercised) payable to the underwriter as deferred underwriting commissions to be placed in a trust account located in the United States and released to the underwriter only upon the completion of an initial"
ALH,2025-10-09,0.926670205738522,5.801774986959022,-7.816279443638232,HIT,"—Risks Relating to this Offering and Ownership of Our Common Stock—Upon the listing of our common stock on the NYSE, we will be a “controlled company” within the meaning of the corporate governance standards of the NYSE. As a result, we will qualify for, and may in the future rely on, exemptions from certain corporate governance requirements. You will not have the same protections afforded to stockholders of companies that are subject to such requirements.” Investing in shares of our common stock involves risks. See “ Risk Factors ” beginning on page 22 to read about factors you should consider before buying shares of our common stock. Neither the Securities and Exchange Commission nor any state securities commission or other regulatory body has approved or disapproved of these securities or passed upon the accuracy or adequacy of this prospectus. Any representation to the contrary is a criminal offense. Per Share Total Initial public offering price $ $ Underwriting discounts and commissions (1) $ $ Proceeds to us, before expenses $ $ Proceeds to our principal stockholder, before expenses $ $ __________________ (1) See “ Underwriting (Conflicts of Interest)” for a description of compensation to be paid to the underwriters. To the extent that the underwriters sell more than shares of our common stock, the principal stockholder has granted to the underwriters the option for a period of 30 days to purchase up to an additional shares of our common stock at the initial public offering price less the underwriting discounts and commissions. The underwriters expect to deliver the shares of common stock against payment on or about , 2025 through the book-entry facilities of The Depository Trust Company. BofA Securities J.P. Morgan Morgan Stanley Baird BDT & MSD BMO Capital Markets Citigroup Goldman Sachs & Co. LLC UBS Investment Bank CIBC Capital Markets Fifth Third Securities Prospectus dated , 2025. Table of Contents Page Market, Industry and Other Data iii Trademarks and Trade Names iv Presentation of Financial Information v Prospectus Summary 1 Summary Consolidated Financial Data 18 Risk Factors 22 Special Note Regarding Forward-Looking Statements 54"
PXED,2025-10-09,-2.4639643612297184,-2.988212735908769,-20.393185781048984,MISS,"” section beginning on page 28 of this prospectus. Per Share Total Public offering price $ $ Underwriting discounts and commissions (1) $ $ Proceeds to the selling stockholders, before expenses $ $ (1) See “Underwriting (Conflicts of Interest)” for additional information regarding the underwriters’ compensation and reimbursement of expenses. The underwriters may also exercise their option to purchase up to an additional shares from the selling stockholders at the public offering price, less underwriting discounts and commissions, for 30 days after the date of this prospectus. Neither the Securities and Exchange Commission nor any state securities commission has approved or disapproved of these securities or determined if this prospectus is truthful or complete. Any representation to the contrary is a criminal offense. The underwriters expect to deliver the shares of common stock against payment in New York, New York on or about , 2025 through the book-entry facilities of The Depositary Trust Company. Morgan Stanley Goldman Sachs & Co. LLC BMO Capital Markets Jefferies Apollo Global Securities The date of this prospectus is , 2025 Table of Contents Table of Contents Table of Contents Table of Contents TABLE OF CONTENTS Page A Letter From Chris Lynne, Our President and Chief Executive Officer iv Prospectus Summary 1 Risk Factors 28 Cautionary Note Regarding Forward-Looking Statements 72"
ALIS,2025-10-22,-0.19155211245261794,-0.09073318703083649,,MISS,"” beginning on page 26 for a discussion of the information that should be considered in connection with an investment in our securities. Investors will not be entitled to protections normally afforded to investors under Rule 419 blank check offerings. Neither the SEC nor any state securities commission has approved or disapproved of these securities or determined if this prospectus is truthful or complete. Any representation to the contrary is a criminal offense. Per Unit Total Public offering price $ 10.00 $ 60,000,000 Underwriting discounts and commissions (1) $ 0.55 $ 3,300,000 Proceeds, before expenses, to Calisa Acquisition Corp $ 9.45 $ 56,700,000 (1) 1. Includes $0.35 per unit, or up to $2,100,000 in the aggregate, or up to $2,415,000 if the over-allotment option is exercised in full, payable to EarlyBirdCapital, Inc. for deferred underwriting commissions which will be placed in a trust account located in the United States as described herein. We may elect to pay up to $0.15 of the $0.35 per unit in our securities. If we make such election, then we will make such payment through the issuance of a convertible promissory note that will be payable six months after the consummation of a"
LAFA,2025-10-24,-0.15159517563220073,0.15158553769109628,,MISS,"” beginning on page 34 for a discussion of the information that should be considered in connection with an investment in our securities. Investors will not be entitled to protections normally afforded to investors under Rule 419 blank check offerings. Neither the SEC nor any state securities commission has approved or disapproved of these securities or determined if this prospectus is truthful or complete. Any representation to the contrary is a criminal offense. Per Unit Total Public offering price $ 10.00 $ 100,000,000 Underwriting discounts and commissions (1) $ 0.55 $ 5,500,000 Proceeds, before expenses, to LaFayette Acquisition Corp. $ 9.45 $ 94,500,000 ____________ (1) Includes $0.20 per unit, or $2,000,000 in the aggregate (or up to $2,300,000 if the overallotment option is exercised in full), payable to EBC upon the closing of this offering. Also includes $0.35 per unit, or up to $3,500,000 in the aggregate (or up to $4,025,000 if the overallotment option is exercised in full), payable to EBC in this offering for deferred underwriting commissions to be placed in a trust account located in the United States and released to EBC only upon the completion of a"
MPLT,2025-10-27,-12.758997454303191,-23.173391301200713,2.7808082041366378,MISS,"” beginning on page 13. Neither the Securities and Exchange Commission nor any state securities commission has approved or disapproved of these securities or determined if this prospectus is truthful or complete. Any representation to the contrary is a criminal offense. Per Share Total Initial Public Offering Price $ $ Underwriting Discounts and Commissions (1) $ $ Proceeds, before expenses, to us $ $ (1) We refer you to “Underwriters” for additional information regarding total underwriter compensation. We have granted the underwriters an option for a period of 30 days to purchase up to an additional shares of our common stock. At our request, the underwriters have reserved up to % of the shares of our common stock offered by this prospectus for sale at the initial public offering price through a directed share program to certain of our directors, officers, employees and others. See the section titled “Underwriting—Directed Share Program” for additional information The underwriters expect to deliver the shares of common stock against payment in New York, New York on or about , 2025. MORGAN STANLEY JEFFERIES LEERINK PARTNERS STIFEL Prospectus dated , 2025 Table of Contents TABLE OF CONTENTS Page Prospectus Summary 1 Risk Factors 13 Special Note Regarding Forward-Looking Statements 72 Market and Industry Data 74"
APXT,2025-10-28,-0.4032254188043424,-0.3528210397472609,,MISS,"” beginning on page 52 for a discussion of information that should be considered in connection with an investment in our securities. Investors will not be entitled to protections normally afforded to investors in Rule 419 blank check offerings. Per Unit Total Public offering price: $ 10.00 $ 250,000,000 Underwriting discounts and commissions (1) : $ 0.60 $ 15,000,000 Proceeds, before expenses, to us: $ 9.40 $ 235,000,000 ____________ (1) Includes (a) $0.20 per unit sold in the offering, or $5,000,000 in the aggregate (or $5,750,000 if the underwriters’ over -allotment option is exercised in full), payable to the underwriters upon the closing of this offering, of which (i) $0.10 per unit will be paid to the underwriters in cash and (ii) $0.10 per unit will be used by the underwriters to purchase private placement warrants; and (b) $0.40 per unit sold in the offering, or $10,000,000 in the aggregate (or $11,500,000 if the underwriters’ over -allotment option is exercised in full) payable to the underwriters in this offering, for deferred underwriting commissions to be placed in a trust account located in the United States and released to the underwriters only upon the completion of an initial"
DYOR,2025-10-29,-0.6024138492660298,-0.5522118972402522,,MISS,"” beginning on page 47 for a discussion of information that should be considered in connection with an investment in our securities. Investors will not be entitled to protections normally afforded to investors in Rule 419 blank check offerings. Per Unit Total Public offering price: $ 10.00 $ 150,000,000 Underwriting discounts and commissions (1) : $ 0.60 $ 9,000,000 Proceeds, before expenses, to us: $ 9.40 $ 141,000,000 ____________ (1) Includes (a) $0.20 per unit sold in the offering, or $3,000,000 in the aggregate (or $3,450,000 if the underwriters’ over -allotment option is exercised in full), payable to the underwriters upon the closing of this offering, of which (i) $0.10 per unit will be paid to the underwriters in cash and (ii) $0.10 per unit will be used by the underwriters to purchase private placement warrants; and (b) $0.40 per unit sold in the offering, or $6,000,000 in the aggregate (or $6,900,000 if the underwriters’ over -allotment option is exercised in full) payable to the underwriters in this offering, for deferred underwriting commissions to be placed in a trust account located in the United States and released to the underwriters only upon the completion of an initial"
DNMX,2025-10-30,-0.40200967457085374,-0.6030097195229405,,MISS,"” beginning on page 49 for a discussion of information that should be considered in connection with an investment in our securities. Investors will not be entitled to protections normally afforded to investors in Rule 419 blank check offerings. No offer or invitation, whether directly or indirectly, is being or may be made to the public in the Cayman Islands to subscribe for any of our securities. Per Unit Total Public offering price (1) : $ 10.00 $ 150,000,000 Underwriting discounts and commissions: $ 0.60 $ 9,000,000 Proceeds, before expenses, to us: $ 9.40 $ 141,000,000 (1) Includes $0.20 per unit sold in the offering, or $3,000,000 in the aggregate (or $3,450,000 if the overallotment option is exercised in full), payable to the underwriters upon the closing of this offering; also includes $0.40 per unit sold in the offering, or $6,000,000 in the aggregate (or $6,900,000 if the overallotment option is exercised in full) payable to the underwriters in this offering, for deferred underwriting commissions to be placed in a trust account located in the United States and released to the underwriters only upon the completion of an initial"
NAVN,2025-10-30,-9.94999885559082,-29.400000572204586,-27.249999046325684,MISS,"” beginning on page 22 to read about factors you should consider before buying shares of our Class A common stock. Neither the Securities and Exchange Commission nor any other regulatory body has approved or disapproved of these securities or passed upon the accuracy or adequacy of this prospectus. Any representation to the contrary is a criminal offense. Per Share Total Initial public offering price .................................................................................................................................................................................. $ $ Underwriting discount (1) ...................................................................................................................................................................................... $ $ Proceeds, before expenses, to us .................................................................................................................................................................... $ $ Proceeds, before expenses, to the selling stockholders ............................................................................................................................... $ $ _______________ (1) See the section titled “Underwriting” for a description of the compensation payable to the underwriters. The underwriters have the option for a period of 30 days to purchase up to an additional shares of Class A common stock from us at the initial public offering price less underwriting discount. The underwriters expect to deliver the shares of Class A common stock against payment in New York, New York on , 2025 . Goldman Sachs & Co . LLC Citigroup Jefferies Mizuho Morgan Stanley BNP PARIBAS Citizens Capital Markets Oppenheimer & Co. MUFG Needham & Company BTIG Loop Capital Markets Academy Securities Rosenblatt Prospectus dated , 2025. The information in this preliminary prospectus is not complete and may be changed. These securities may not be sold until the registration statement filed with the Securities and Exchange Commission is effective. This preliminary prospectus is not an offer to sell these securities and we are not soliciting offers to buy these securities in any jurisdiction where the offer or sale is not permitted. Subject to Completion. Dated , 2025. i Table of Contents Page GLOSSARY OF TERMS ............................................................................................................................... iii LETTER FROM OUR CO-FOUNDERS .................................................................................................... vi PROSPECTUS SUMMARY ......................................................................................................................... 1 RISK FACTORS ............................................................................................................................................. 22 SPECIAL NOTE REGARDING FORWARD-LOOKING STATEMENTS ............................................... 76 INDUSTRY AND MARKET DATA ............................................................................................................... 78"
VACI,2025-10-31,-0.05037898584209249,-0.2518949292104624,,MISS,"” beginning on page 51. Investors will not be entitled to protections normally afforded to investors in Rule 419 blank check offerings. No offer or invitation, whether directly or indirectly, is being or may be made to the public in the Cayman Islands to subscribe for any of our securities. Per Unit Total Price to the Public $ 10.00 $ 200,000,000 Underwriting discounts and commissions (1) $ 0.625 $ 12,500,000 Proceeds, before expenses, to us $ 9.375 $ 187,500,000 ____________ (1) Includes $0.225 per unit, or $4,500,000 in the aggregate (excluding any units sold pursuant to the underwriter’s option to purchase additional units, or $5,175,000 in the aggregate if the underwriter’s option to purchase additional units is exercised in full), payable to the underwriter upon the closing of this offering. The underwriter has committed to using $2,500,000 of such funds to purchase from us 250,000 private placement units (or $2,875,000 to purchase 287,500 private placement units if the over -allotment option is exercised in full) at $10.00 per unit. Also includes $0.40 per unit, or up to $8,000,000 in the aggregate (or up to $9,200,000 in the aggregate if the underwriters’ over -allotment option is exercised in full), payable to the underwriter in this offering based on the percentage of funds remaining in the trust account after redemptions of public shares, for deferred underwriting discounts and commissions to be placed in a trust account located in the United States and released to the underwriter only upon the completion of an initial"
BETA,2025-11-04,-10.555553436279297,-27.77777777777778,-22.305557462904186,MISS,"” in this prospectus. BASIS OF PRESENTATION Unless otherwise indicated, the information presented in this prospectus, other than our historical financial statements (i) assumes that the underwriters’ option to purchase additional shares is not exercised and (ii) is adjusted to reflect our -for-1 forward split of our capital stock (the “Stock Split”), occurring subsequent to the effectiveness of the registration statement for this offering, which will be effective upon filing of our Amended and Restated Certificate of Incorporation prior to the completion of this offering. Certain numbers reflected in this prospectus represent approximations due to required rounding in connection with the anticipated Stock Split. The actual numbers will not differ materially from such approximations. TRADEMARKS AND TRADE NAMES This prospectus may also contain trademarks, service marks and trade names of third parties, which are the property of their respective owners. Our use or display of third parties’ trademarks, service marks, trade names or products in this prospectus is not intended to, and does not imply a relationship with, or endorsement or sponsorship by us. Solely for convenience, the trademarks, service marks and trade names referred to in this prospectus may appear without the ® , TM or SM symbols, but such references are not intended to indicate, in any way, that we will not assert, to the fullest extent under applicable law, our rights or the rights of the applicable licensor to these trademarks, service marks and trade names. iii Table of Contents GLOSSARY The following are abbreviations and definitions of certain terms used in this prospectus, which are commonly used in the Company’s industry: • “Backlog” refers to the aggregate number of Firm Orders and Options. • “CTOL” refers to a Conventional Take-Off and Landing aircraft that takes off and lands at speed along a runway. • “DSCA” refers to the Defense Security Cooperation Agency. • “DOT” refers to the U.S. Department of Transportation. • “EAR” refers to the Export Administration Regulations. • “Fixed Based Operator” refers to an entity granted the right by an airport to operate at the airport and provide services such as, but not limited to, fueling, hangaring and parking, along with other similar services. • “eCTOL” refers to electric Conventional Take-Off and Landing aircraft that takes off and lands at speed along a runway. • “Enabling Technologies” include motors, inverters, batteries, flight controls, charging systems and a nationwide electric charging network. • “eVTOL” refers to electric Vertical Take-Off and Landing aircraft. • “FAA” refers to the Federal Aviation Administration. • “FBW” refers to a fly-by-wire system that replaces manual flight controls with electrically signaled controls. • “FCC” refers to the BETA flight control computer. • “Firm Orders” refers to the number of aircraft under signed agreements with financial commitments. Unless otherwise specifically described, any reference to the number or value of Firm Orders in this prospectus is as of August 31, 2025. • “GSE” refers to Ground Support Equipment. • “ITAR” refers to the International Traffic in Arms Regulations. • “OEM” refers to an original equipment manufacturer. • “Options” refers to the number of aircraft that customers with Firm Orders have the right to purchase under signed agreements. Unless otherwise specifically described, any reference to the number or value of Options in this prospectus is as of August 31, 2025. • “VTOL” refers to a Vertical Take-Off and Landing aircraft that can take off and land vertically without the use of a runway (similar to a helicopter). • “zero-emission” as used herein with respect to our aircraft technology, refers to aircraft that produce no exhaust emissions during flight and does not refer to any emissions associated with manufacturing electricity used to power the planes or manufacturing or transporting the planes. iv Table of Contents PROSPECTUS SUMMARY This summary provides a brief overview of information contained elsewhere in this prospectus. Because it is abbreviated, this summary does not contain all the information that you should consider before investing in our Class A common stock. References in this prospectus to “BETA,” the “Company,” “we,” “us,” “our” and like terms are to BETA Technologies, Inc., a Delaware corporation, and its wholly owned subsidiaries, unless the context otherwise requires or we otherwise state. Certain terms used in this prospectus are defined in the section titled “Commonly Used Defined Terms.” You should read the entire prospectus carefully before making an investment decision, including the information presented under the headings “Risk Factors,” “Cautionary Note Regarding Forward-Looking Statements” and “"
CEPV,2025-11-04,-0.19417919799324707,-0.5825283350059669,-0.4854387360093434,MISS,"” beginning on page 43 for a discussion of information that should be considered in connection with an investment in our securities. Investors will not be entitled to protections normally afforded to investors in Rule 419 blank check offerings. Neither the U.S. Securities and Exchange Commission nor any state securities commission has approved or disapproved of these securities or determined if this prospectus is truthful or complete. Any representation to the contrary is a criminal offense. No offer or invitation, whether directly or indirectly, is being or may be made to the public in the Cayman Islands to subscribe for any of our securities. Per Share Total Public offering price $ 10.00 $ 200,000,000 Underwriting discounts and commissions (1) $ 0.20 $ 4,000,000 Proceeds, before expenses, to Cantor Equity Partners V, Inc. $ 9.80 $ 196,000,000 ____________ (1) No commissions will be paid on any Class A ordinary shares sold pursuant to the underwriters’ over -allotment option. We will also pay $ to for acting as a “qualified independent underwriter” in this offering. See the section of this prospectus entitled “Underwriting (Conflicts of Interest)” beginning on page 182 for a description of compensation and other items of value payable to the underwriters. Table of Contents Of the proceeds we receive from this offering and the sale of the private placement shares, $200,000,000 or $230,000,000 if the underwriters’ over -allotment option is exercised in full ($10.00 per public share in either case) will be deposited into a trust account in the United States at J.P. Morgan Chase Bank, N.A., with Continental Stock Transfer & Trust Company acting as trustee, and $1,000,000, together with $1,750,000 of additional committed loans by our sponsor, will be available to pay fees and expenses in connection with the closing of this offering and for working capital following the closing of this offering. Because our sponsor acquired the founder shares at a nominal price (approximately $0.004 per share), our public shareholders will incur an immediate and substantial"
ELWT,2025-11-05,-3.1944447939778646,-2.4305516463002004,-26.388884289764942,MISS,"beginning on page 6 of this prospectus before purchasing our securities. Neither the Securities and Exchange Commission nor any state securities commission has approved or disapproved of these securities or determined if this prospectus is truthful or complete. Any representation to the contrary is a criminal offense. Price Per Share Total Public offering price $ $ Underwriting discounts and commissions (1) $ $ Proceeds to us, before expenses $ $ (1) Craig-Hallum will be due no less than 80% of the underwriting discount and Maxim Group LLC will be due no less than 20% of the underwriting discount. We have also agreed to issue warrants to purchase shares common stock to the representative of the underwriters and reimburse the underwriters for certain expenses in connection with this offering. See “Underwriting” for additional information regarding total underwriting compensation, including information on underwriting discounts and offering expenses. Upon the closing of this offering, we will issue to Craig-Hallum Capital Group LLC (“Craig-Hallum”) or its designee, as the representative of the underwriters in this offering, warrants entitling it to purchase a number of shares of common stock equal to 7.0% of the shares of common stock sold in this offering at an exercise price equal to 115% of the public offering price in this offering (the “Representative’s Warrants”). The Representative’s Warrants shall be exercisable immediately and will expire five years after the effective date of the registration statement of which this prospectus forms a part. This prospectus also relates to the offering of the shares of common stock issuable upon exercise of the Representative’s Warrants. We have granted the representative of underwriters an option to purchase from us, at the public offering price, up to an additional 225,000 shares of common stock, less the underwriting discounts and commissions, within 45 days from the closing of this offering to cover over-allotments, if any. If the representative of the underwriters exercises the option in full, the total underwriting discounts and commissions payable will be $ , and the total proceeds to us, before expenses, will be $ . The underwriters expect to deliver the shares of common stock to purchasers on or about , 2025, subject to the satisfaction of customary closing conditions. Sole Bookrunner Craig-Hallum The date of this prospectus is , 2025 TABLE OF CONTENTS ABOUT THIS PROSPECTUS i PROSPECTUS SUMMARY 1 RISK FACTORS 6 CAUTIONARY NOTE REGARDING FORWARD-LOOKING STATEMENTS 18"
XZO,2025-11-05,-14.754880284143196,-18.27701147432238,-6.806284100892114,MISS,"—Risks Relating to Ownership of Our Common Stock—Taking advantage of the reduced disclosure requirements applicable to “emerging growth companies” may make our common stock less attractive to investors.” Corporate Information TypTap Insurance Group, Inc. is the registrant and the issuer of the common stock being sold in this offering. Our corporate headquarters is located at 5300 West Cypress Street, Suite 100, Tampa, Florida 33607. Our telephone number is 844-289-7968. TypTap Insurance Group is a majority owned subsidiary of HCI Group, Inc., or HCI (NYSE: HCI). HCI is a Florida corporation and publicly traded company with operations in homeowners insurance, reinsurance, real estate, and information technology. After an incubation process started in 2016 that formed TypTap Insurance Company, TypTap Insurance Group was organized in Florida by HCI in July 2020 as a wholly owned subsidiary of HCI for the purpose of serving as a holding company for HCI’s interests in TypTap Insurance Company and other related HCI subsidiaries. In October 2020, HCI contributed its stock in TypTap Insurance Company and the following HCI subsidiaries to TypTap Insurance Group: (i) TypTap"
BLLN,2025-11-06,-14.338169998649764,17.35817478330391,-5.819720786857104,HIT,"” beginning on page 22. Neither the Securities and Exchange Commission nor any other state securities commission has approved or disapproved of these securities or passed on the adequacy or accuracy of this prospectus. Any representation to the contrary is a criminal offense. The underwriters expect to deliver the shares to purchasers on or about , 2025. J.P. Morgan Piper Sandler Jefferies William Blair Stifel Wells Fargo Securities BTIG , 2025 Table of Contents BILLION TOONE We strive to remove the fear of the unknown. Our revolutionary technology allows us to push beyond the current limitations in diagnostics so we can detect disease one molecule at a time. We provide patients with powerful and precise information about the state of their health for themselves and their children. And it's only the beginning of what we seek to do. Table of Contents Key Metrics $265M+ annualized revenue run-rate (ARR)1 84% YOY revenue growth2 Emerging profitability3 $100B US annual market opportunity4 REVENUE $209M LTM revenue5 167% CAGR (2021-2024) TESTS ACCESSIONED6 508K LTM tests accessioned as of June 30, 2025 51% YOY tests accessioned growth2 1M+ tests accessioned since launch GROSS PROFIT MARGIN OTHER 65% gross profit margin 2025 14 pp YOY increase in gross profit margin2 $1.8M ARR per sales representative 225M+ covered lives7 1. Q2 2025 revenue of $66.6M annualized. Calculated as Q2 2025 revenue multiplied by 4. 2. Q2 2025 compared to Q2 2024, 3. Based on $.01 EBITDA in Q2 2025 and ($0.2M) net loss in Q2 2025. See"
EVMN,2025-11-06,-3.855653964145616,-4.053384643495507,-9.787442348194185,MISS,"described elsewhere in this prospectus. Risks Related to Government Regulatory and Legal Requirements Our relationships with customers, physicians and third-party payors may be subject, directly or indirectly, to federal and state healthcare fraud and abuse laws, false claims laws, other healthcare laws and regulations and health data privacy and security laws and regulations, contractual obligations and self-regulatory schemes. If we are unable to comply, or have not fully complied, with such laws, we could face substantial penalties. Healthcare providers and third-party payors in the United States and elsewhere will play a primary role in the recommendation and prescription of any product candidates for which we obtain marketing approval. Our current and future arrangements with healthcare professionals, principal investigators, consultants, customers and third-party payors may subject us to various federal and state fraud and abuse laws and other healthcare laws, including, without limitation, the federal Anti-Kickback Statute, the federal civil and criminal false claims laws, the health care fraud provisions of HIPAA and the federal Physician Payments Sunshine Act and their implementing regulations. These laws will impact, among other things, our clinical research, as well as our proposed sales and marketing programs. In addition, we may be subject to health information privacy and security laws by the federal government, including HIPAA, as amended by HITECH, the states and other jurisdictions in which we may conduct our"
CRAC,2025-11-07,0.15151862526011708,0.40404003428603796,,MISS,"” beginning on page 40 for a discussion of information that should be considered in connection with an investment in our securities. Investors will not be entitled to protections normally afforded to investors in Rule 419 blank check offerings. Neither the U.S. Securities and Exchange Commission nor any state securities commission has approved or disapproved of these securities or determined if this prospectus is truthful or complete. Any representation to the contrary is a criminal offense. No offer or invitation, whether directly or indirectly, is being made or may be made to the public in the Cayman Islands to subscribe for any of our securities. Per Unit Total Public offering price $ 10.00 $ 150,000,000 Underwriting discounts and commissions (1) $ 0.10 $ 1,500,000 Proceeds, before expense to us $ 9.90 $ 148,500,000 ____________ (1) Excludes certain fees and expenses payable to the underwriters in connection with this offering. A description of compensation and other items of value payable to the underwriters is set out herein in “Underwriting.” (2) In addition, the Company will issue 375,000 units (or up to 431,250 units if the underwriters’ over -allotment option is exercised in full) to SAP upon the consummation of this initial public offering as part of the underwriting compensation in connection with this offering (“SAP units”). The SAP units are identical to the units sold in this offering other than restrictions on transfer set out herein in “"
TDWD,2025-11-07,0.0,0.0,,MISS,"” beginning on page 45 for a discussion of information that should be considered in connection with an investment in our securities. Investors will not be entitled to protections normally afforded to investors in Rule 419 blank check offerings. Neither the U.S. Securities and Exchange Commission nor any state securities commission has approved or disapproved of these securities or determined if this prospectus is truthful or complete. Any representation to the contrary is a criminal offense. No offer or invitation, whether directly or indirectly, is being or may be made to the public in the Cayman Islands to subscribe for any of our securities. Per Unit Total Public offering price (1) $ 10.00 $ 150,000,000 Underwriting discounts and commissions $ 0.60 $ 9,000,000 Proceeds, before expenses, to us $ 9.40 $ 141,000,000 ____________ (1) Includes (a) $0.20 per unit, or $3,000,000 in the aggregate (or $3,450,000 if the overallotment option is exercised in full), payable to the underwriters upon the closing of this offering, of which (i) $0.10 per unit will be paid to the underwriters in cash and (ii) $0.10 per unit will be used by the underwriters to purchase private placement units; and (b) up to $0.40 per unit, or up to $6,000,000 in the aggregate (or up to $6,900,000 if the overallotment option is exercised in full) payable to the underwriters in this offering, for deferred underwriting commissions, to be placed in a trust account located in the United States and released to the underwriters only upon the completion of an initial"
EVOX,2025-11-11,0.0,-0.10111454534566931,,MISS,"” beginning on page 48 for a discussion of information that should be considered in Table of Contents connection with an investment in our securities. Investors will not be entitled to protections normally afforded to investors in Rule 419 blank check offerings. Per Unit Total Public offering price (1) : $ 10.00 $ 150,000,000 Underwriting discounts and commissions: $ 0.60 $ 9,000,000 Proceeds, before expenses, to us: $ 9.40 $ 141,000,000 ____________ (1) Includes (a) $0.20 per unit sold in the offering, or $3,000,000 in the aggregate (or $3,450,000 if the underwriters’ over -allotment option is exercised in full), payable to the underwriters upon the closing of this offering, of which (i) $0.10 per unit will be paid to the underwriters in cash and (ii) $0.10 per unit will be used by the underwriters to purchase private placement warrants; and (b) $0.40 per unit sold in the offering, or up to $6,000,000 in the aggregate (or up to $6,900,000 in the aggregate if the over -allotment option is exercised in full) payable to the underwriters in this offering, for deferred underwriting commissions to be placed in a trust account located in the United States and released to the underwriters only upon the completion of an initial"
GLOO,2025-11-19,8.271605490620672,-13.456791373509944,-32.592595296195924,HIT,".” See the section titled “Risk Factors” beginning on page 33 to read about factors you should consider before deciding to invest in shares of our Class A common stock. Neither the Securities and Exchange Commission nor any state securities commission has approved or disapproved of these securities or passed upon the accuracy or adequacy of this prospectus. Any representation to the contrary is a criminal offense. No Exercise of Over-Allotment Option Full Exercise of Over-Allotment Option Per Share Total Per Share Total Initial public offering price $ — $ — $ — $ — Underwriting discounts and commissions (1) $ — $ — $ — $ — Proceeds, before expenses, to Gloo Holdings, Inc. $ — $ — $ — $ — (1) See the section titled “Underwriting” for a description of the compensation payable to the underwriters. At our request, the underwriters have reserved up to 5% of the shares of Class A common stock offered by this prospectus for sale at the initial public offering price through a directed share program to our directors, officers, employees and other persons and parties who do"
IGAC,2025-11-25,-0.4044485385688927,-0.10111454534566931,,MISS,"” beginning on page 44 for a discussion of information that should be considered in connection with an investment in our securities. Investors will not be entitled to protections normally afforded to investors in Rule 419 blank check offerings. Neither the U.S. Securities and Exchange Commission nor any state securities commission has approved or disapproved of these securities or determined if this prospectus is truthful or complete. Any representation to the contrary is a criminal offense. No offer or invitation, whether directly or indirectly, is being or may be made to the public in the Cayman Islands to subscribe for any of our securities. Per Unit Total Public offering price (1) $ 10.00 $ 200,000,000 Underwriting discounts and commissions $ 0.60 $ 12,000,000 Proceeds, before expenses, to us $ 9.40 $ 188,000,000 ____________ (1) Includes (a) $0.20 per unit, or $4,000,000 in the aggregate (or $4,600,000 if the overallotment option is exercised in full), payable to the underwriters upon the closing of this offering, of which (i) $0.10 per unit will be paid to the underwriters in cash and (ii) $0.10 per unit will be used by the underwriters to purchase private placement units; and (b) up to $0.40 per unit, or up to $8,000,000 in the aggregate (or up to $9,200,000 if the overallotment option is exercised in full) payable to the underwriters in this offering, for deferred underwriting commissions, to be placed in a trust account located in the United States and released to the underwriters only upon the completion of an initial"
BIXI,2025-12-02,-0.1014125309907893,0.0,,MISS,"” beginning on page 51 for a discussion of information that should be considered in connection with an investment in our securities. Investors will not be entitled to protections normally afforded to investors in Rule 419 blank check offerings. Investing in our securities involves a high degree of risk. Neither the U.S. Securities and Exchange Commission nor any state securities commission has approved or disapproved of these securities or determined if this prospectus is truthful or complete. Any representation to the contrary is a criminal offense. No offer or invitation, whether directly or indirectly, is being or may be made to the public in the Cayman Islands to subscribe for any of our securities. Per Unit Total Public offering price $ 10.00 $ 200,000,000 Underwriting discounts and commissions (1) $ 0.60 $ 12,000,000 Proceeds, before expenses, to us $ 9.40 $ 188,000,000 (1) Includes $0.20 per unit, or $4,000,000 in the aggregate (excluding any units sold pursuant to the underwriter’s option to purchase additional units, or $4,600,000 in the aggregate if the underwriter’s option to purchase additional units is exercised in full), payable to the underwriter upon the closing of this offering. The underwriter has committed to using $2,000,000 of such funds to purchase from us 200,000 private units (or 230,000 private units if the over-allotment option is exercised in full) at $10.00 per unit. Also includes $0.40 per unit, or up to $8,000,000 in the aggregate (or up to $9,200,000 in the aggregate if the underwriter’s over-allotment option is exercised in full), payable to the underwriter in this offering based on the percentage of funds remaining in the trust account after redemptions of public shares, for deferred underwriting commissions to be placed in a trust account located in the United States and released to the underwriter only upon the completion of an initial"
PARK,2025-12-03,36.78049227086509,27.121948614353087,47.60975721405774,HIT,"” beginning on page 22 . Neither the Securities and Exchange Commission nor any state securities commission has approved or disapproved of these securities or determined if this prospectus is truthful or complete. Any representation to the contrary is a criminal offense. ​ ​ ​ Price to Public ​ ​ Underwriting Discounts and Commissions (2) ​ ​ Proceeds, Before Expenses, to Us ​ Per Share ​ ​ ​ $ ​ ​ ​ ​ ​ $ ​ ​ ​ ​ ​ $ ​ ​ ​ Total (1) ​ ​ ​ $ ​ ​ ​ ​ ​ $ ​ ​ ​ ​ ​ $ ​ ​ ​ ​ (1) Assumes no exercise of the over-allotment option by the underwriters. ​ (2) The registration statement, of which this prospectus is a part, also registers for sale a warrant to purchase shares of Common Stock to be issued to the representative of the underwriters as well as the shares underlying such warrant. We have agreed to issue the warrant to the representative as a portion of the underwriting compensation payable to the underwriters in connection with this offering. See “Underwriting” beginning on page of this prospectus for additional information regarding total underwriting compensation. ​ Delivery of the shares of Common Stock against payment will be made on or about , 2025. Northland Capital Markets Craig-Hallum The date of this prospectus is , 2025. TABLE OF CONTENTS ​ ​ TABLE OF CONTENTS ​ ABOUT THIS PROSPECTUS ​ ​ ​ ​ 2 ​ ​ ​ INDUSTRY AND MARKET DATA ​ ​ ​ ​ 3 ​ ​ ​ TRADEMARKS, SERVICE MARKS, TRADENAMES, AND COPYRIGHTS ​ ​ ​ ​ 3 ​ ​ ​ BASIS OF PRESENTATION ​ ​ ​ ​ 3 ​ ​ ​ NON-GAAP FINANCIAL MEASURES ​ ​ ​ ​ 4 ​ ​ ​ PROSPECTUS SUMMARY ​ ​ ​ ​ 5 ​ ​ ​ RISK FACTORS ​ ​ ​ ​ 22 ​ ​ ​ FORWARD-LOOKING STATEMENTS AND STATISTICAL DATA AND MARKET INFORMATION ​ ​ ​ ​ 41 ​ ​ ​"
CDNL,2025-12-10,2.38297645081865,2.8936183198969414,17.148939092108545,HIT,"” beginning on page 22 to read about factors you should consider before buying shares of our Class A Common Stock. Neither the Securities and Exchange Commission nor any state securities commission has approved or disapproved of these securities or determined if this prospectus is truthful or complete. Any representation to the contrary is a criminal offense. Per share Total Public offering price $ $ Underwriting discounts and commissions (1) $ $ Proceeds to us (before expenses) $ $ ____________ (1) See “Underwriting” for a description of compensation payable to the underwriters. We have granted the underwriters a 30 -day option to purchase up to an additional shares of Class A Common Stock from us at the initial public offering price, less the underwriting discount. The underwriters expect to deliver the shares of Class A Common Stock to purchasers on or about , 2025. Book -Running Managers Stifel William Blair Lead Manager D.A. Davidson & Co . Table of Contents Table of Contents Table of Contents Page Summary 1 RISK FACTORS 22 Cautionary statement regarding forward-looking statements 52"
KBON,2025-12-11,0.29910954580475047,,,MISS,"” beginning on page 64 for a discussion of information that should be considered in connection with an investment in our securities. Investors will not be entitled to protections normally afforded to investors in Rule 419 blank check offerings. No offer or invitation, whether directly or indirectly, is being or may be made to the public in the Cayman Islands to subscribe for any of our securities. Per Unit Total Public offering price: $ 10.00 $ 300,000,000 Underwriting discounts and commissions(1): $ 0.55 16,500,000 Proceeds, before expenses, to us: $ 9.45 283,500,000 (1) Includes $0.20 per unit sold in the offering, or $6,000,000 in the aggregate (or $6,900,000 if the overallotment option is exercised in full), payable to the underwriters upon the closing of this offering; also includes $0.35 per unit sold in the offering, or $10,500,000 in the aggregate (or $12,075,000 if the overallotment option is exercised in full), payable to the underwriters in this offering for deferred underwriting commissions to be placed in a trust account located in the United States and released to the underwriters only upon the completion of an initial"
LMRI,2025-12-11,-3.1047556626728383,-5.237587455331276,-25.323976339814543,MISS,"” section beginning on page 22 of this prospectus. PRICE TO PUBLIC UNDERWRITING DISCOUNTS AND COMMISSIONS (1) PROCEEDS TO US, BEFORE EXPENSES Per Share $ $ $ Total $ $ $ (1) See the section titled “Underwriting” for additional information regarding underwriting discounts and commissions. Neither the Securities and Exchange Commission (the “SEC”), any state securities commission nor any other regulatory body has approved or disapproved of these securities or passed upon the adequacy or accuracy of this prospectus. Any representation to the contrary is a criminal offense. The underwriters expect to deliver the shares to investors on or about , 2025. Barclays* J.P. Morgan* Jefferies Deutsche Bank Securities Wells Fargo Securities Leerink Partners William Blair Capital One Securities Fifth Third Securities Raymond James PNC Capital Markets LLC Academy Securities Loop Capital Markets R. Seelaus & Co., LLC * Joint lead bookrunners in alphabetical order The date of this prospectus is , 2025 Table of Contents TABLE OF CONTENTS PAGE PROSPECTUS SUMMARY 1 RISK FACTORS 22 CAUTIONARY NOTE REGARDING FORWARD-LOOKING STATEMENTS 48"
